Ch,yyyy,mm,dd,hh,mm,ss,Power,Power off,Status,Thermocouple,Temp C
B, 2020, 08, 21,18,19,43.489,TX-60, OK, Auto, Normal, R, =
B, 2020, 08, 21,18,19,43.891,TX-60, OK, Auto, Normal, R, =
B, 2020, 08, 21,18,19,44.292,TX-60, OK, Auto, Normal, R, =
B, 2020, 08, 21,18,19,44.693,TX-60, OK, Auto, Normal, R, =
B, 2020, 08, 21,18,19,45.095,TX-60, OK, Auto, Normal, R, =
B, 2020, 08, 21,18,19,45.496,TX-60, OK, Auto, Normal, R, =
B, 2020, 08, 21,18,19,45.897,TX-60, OK, Auto, Normal, R, =
B, 2020, 08, 21,18,19,46.299,TX-60, OK, Auto, Normal, R, =
B, 2020, 08, 21,18,19,46.700,TX-60, OK, Auto, Normal, R, =
B, 2020, 08, 21,18,19,47.002,TX-60, OK, Auto, Normal, R, 1453
B, 2020, 08, 21,18,19,47.403,TX-60, OK, Auto, Normal, R, =
B, 2020, 08, 21,18,19,47.804,TX-60, OK, Auto, Normal, R, =
B, 2020, 08, 21,18,19,48.206,TX-60, OK, Auto, Normal, R, =
B, 2020, 08, 21,18,19,48.607,TX-60, OK, Auto, Normal, R, =
B, 2020, 08, 21,18,19,49.009,TX-60, OK, Auto, Normal, R, =
B, 2020, 08, 21,18,19,49.410,TX-60, OK, Auto, Normal, R, =
B, 2020, 08, 21,18,20,26.621,TX-60, OK, Auto, Normal, R, =
B, 2020, 08, 21,18,20,27.022,TX-60, OK, Auto, Normal, R, =
B, 2020, 08, 21,18,20,27.424,TX-60, OK, Auto, Normal, R, =
B, 2020, 08, 21,18,20,27.825,TX-60, OK, Auto, Normal, R, =
B, 2020, 08, 21,18,20,28.226,TX-60, OK, Auto, Normal, R, =
B, 2020, 08, 21,18,20,28.628,TX-60, OK, Auto, Normal, R, =
B, 2020, 08, 21,18,20,29.029,TX-60, OK, Auto, Normal, R, =
B, 2020, 08, 21,18,20,29.431,TX-60, OK, Auto, Normal, R, =
B, 2020, 08, 21,18,20,29.832,TX-60, OK, Auto, Normal, R, =
B, 2020, 08, 21,18,20,30.234,TX-60, OK, Auto, Normal, R, =
B, 2020, 08, 21,18,20,30.635,TX-60, OK, Auto, Normal, R, =
B, 2020, 08, 21,18,20,31.036,TX-60, OK, Auto, Normal, R, =
B, 2020, 08, 21,18,20,31.438,TX-60, OK, Auto, Normal, R, =
B, 2020, 08, 21,18,20,31.839,TX-60, OK, Auto, Normal, R, =
B, 2020, 08, 21,18,20,32.241,TX-60, OK, Auto, Normal, R, =
B, 2020, 08, 21,18,20,32.642,TX-60, OK, Auto, Normal, R, =
B, 2020, 08, 21,18,20,32.999,TX-60, OK, Auto, Normal, R, =
B, 2020, 08, 21,18,20,33.345,TX-60, OK, Auto, Normal, R, =
B, 2020, 08, 21,18,20,33.746,TX-60, OK, Auto, Normal, R, =
B, 2020, 08, 21,18,20,34.148,TX-60, OK, Auto, Normal, R, =
B, 2020, 08, 21,18,20,34.549,TX-60, OK, Auto, Normal, R, =
B, 2020, 08, 21,18,20,34.951,TX-60, OK, Auto, Normal, R, =
B, 2020, 08, 21,18,20,35.352,TX-60, OK, Auto, Normal, R, =
B, 2020, 08, 21,18,20,35.754,TX-60, OK, Auto, Normal, R, =
B, 2020, 08, 21,18,20,35.999,TX-60, OK, Auto, Normal, R, =
B, 2020, 08, 21,18,20,35.999,TX-60, OK, Auto, Normal, R, =
B, 2020, 08, 21,18,20,35.999,TX-60, OK, Auto, Normal, R, =
B, 2020, 08, 21,18,20,35.999,TX-60, OK, Auto, Normal, R, =
B, 2020, 08, 21,18,20,37.005,TX-60, OK, Auto, Normal, R, =
B, 2020, 08, 21,18,20,37.406,TX-60, OK, Auto, Normal, R, =
B, 2020, 08, 21,18,20,38.284,TX-60, OK, Auto, Normal, R, =
B, 2020, 08, 21,18,20,38.685,TX-60, OK, Auto, Normal, R, =
B, 2020, 08, 21,18,20,39.387,TX-60, OK, Auto, Normal, R, =
B, 2020, 08, 21,18,20,39.788,TX-60, OK, Auto, Normal, R, =
B, 2020, 08, 21,18,20,40.189,TX-60, OK, Auto, Normal, R, =
B, 2020, 08, 21,18,20,40.591,TX-60, OK, Auto, Normal, R, =
B, 2020, 08, 21,18,20,40.992,TX-60, OK, Auto, Normal, R, =
B, 2020, 08, 21,18,20,41.394,TX-60, OK, Auto, Normal, R, =
B, 2020, 08, 21,18,20,41.795,TX-60, OK, Auto, Normal, R, =
B, 2020, 08, 21,18,20,42.197,TX-60, OK, Auto, Normal, R, =
B, 2020, 08, 21,18,20,42.598,TX-60, OK, Auto, Normal, R, =
B, 2020, 08, 21,18,20,42.999,TX-60, OK, Auto, Normal, R, =
B, 2020, 08, 21,18,20,43.401,TX-60, OK, Auto, Normal, R, =
B, 2020, 08, 21,18,20,43.802,TX-60, OK, Auto, Normal, R, =
B, 2020, 08, 21,18,20,44.204,TX-60, OK, Auto, Normal, R, =
B, 2020, 08, 21,18,20,44.605,TX-60, OK, Auto, Normal, R, =
B, 2020, 08, 21,18,20,45.007,TX-60, OK, Auto, Normal, R, =
B, 2020, 08, 21,18,20,45.408,TX-60, OK, Auto, Normal, R, =
B, 2020, 08, 21,18,20,45.810,TX-60, OK, Auto, Normal, R, =
B, 2020, 08, 21,18,20,46.211,TX-60, OK, Auto, Normal, R, =
B, 2020, 08, 21,18,20,46.612,TX-60, OK, Auto, Normal, R, =
B, 2020, 08, 21,18,20,47.014,TX-60, OK, Auto, Normal, R, =
B, 2020, 08, 21,18,20,47.415,TX-60, OK, Auto, Normal, R, =
B, 2020, 08, 21,18,20,47.817,TX-60, OK, Auto, Normal, R, =
B, 2020, 08, 21,18,20,48.218,TX-60, OK, Auto, Normal, R, =
B, 2020, 08, 21,18,20,48.620,TX-60, OK, Auto, Normal, R, =
B, 2020, 08, 21,18,20,49.021,TX-60, OK, Auto, Normal, R, =
B, 2020, 08, 21,18,20,49.423,TX-60, OK, Auto, Normal, R, =
B, 2020, 08, 21,18,20,49.824,TX-60, OK, Auto, Normal, R, =
B, 2020, 08, 21,18,20,56.052,TX-60, OK, Auto, Normal, R, =
B, 2020, 08, 21,18,20,56.453,TX-60, OK, Auto, Normal, R, =
B, 2020, 08, 21,18,20,56.855,TX-60, OK, Auto, Normal, R, =
B, 2020, 08, 21,18,20,57.256,TX-60, OK, Auto, Normal, R, =
B, 2020, 08, 21,18,20,57.658,TX-60, OK, Auto, Normal, R, =
B, 2020, 08, 21,18,20,58.059,TX-60, OK, Auto, Normal, R, =
B, 2020, 08, 21,18,20,58.460,TX-60, OK, Auto, Normal, R, =
B, 2020, 08, 21,18,21,02.642,TX-60, OK, Auto, Normal, R, =
B, 2020, 08, 21,18,21,03.044,TX-60, OK, Auto, Normal, R, =
B, 2020, 08, 21,18,21,03.445,TX-60, OK, Auto, Normal, R, =
B, 2020, 08, 21,18,21,03.847,TX-60, OK, Auto, Normal, R, =
B, 2020, 08, 21,18,21,04.248,TX-60, OK, Auto, Normal, R, =
B, 2020, 08, 21,18,21,04.649,TX-60, OK, Auto, Normal, R, =
B, 2020, 08, 21,18,21,05.051,TX-60, OK, Auto, Normal, R, =
B, 2020, 08, 21,18,21,05.452,TX-60, OK, Auto, Normal, R, =
B, 2020, 08, 21,18,21,05.854,TX-60, OK, Auto, Normal, R, =
B, 2020, 08, 21,18,21,06.255,TX-60, OK, Auto, Normal, R, =
B, 2020, 08, 21,18,21,06.657,TX-60, OK, Auto, Normal, R, =
B, 2020, 08, 21,18,21,07.058,TX-60, OK, Auto, Normal, R, =
B, 2020, 08, 21,18,21,07.460,TX-60, OK, Auto, Normal, R, =
B, 2020, 08, 21,18,21,07.861,TX-60, OK, Auto, Normal, R, =
B, 2020, 08, 21,18,21,08.262,TX-60, OK, Auto, Normal, R, =
B, 2020, 08, 21,18,21,08.664,TX-60, OK, Auto, Normal, R, =
B, 2020, 08, 21,18,21,09.065,TX-60, OK, Auto, Normal, R, =
B, 2020, 08, 21,18,21,09.467,TX-60, OK, Auto, Normal, R, =
B, 2020, 08, 21,18,21,09.868,TX-60, OK, Auto, Normal, R, =
B, 2020, 08, 21,18,21,10.270,TX-60, OK, Auto, Normal, R, =
B, 2020, 08, 21,18,21,10.671,TX-60, OK, Auto, Normal, R, =
B, 2020, 08, 21,18,21,11.073,TX-60, OK, Auto, Normal, R, =
B, 2020, 08, 21,18,21,11.474,TX-60, OK, Auto, Normal, R, =
B, 2020, 08, 21,18,21,11.876,TX-60, OK, Auto, Normal, R, =
B, 2020, 08, 21,18,21,12.277,TX-60, OK, Auto, Normal, R, =
B, 2020, 08, 21,18,21,12.678,TX-60, OK, Auto, Normal, R, =
B, 2020, 08, 21,18,21,12.999,TX-60, OK, Auto, Normal, R, =
B, 2020, 08, 21,18,21,13.381,TX-60, OK, Auto, Normal, R, =
B, 2020, 08, 21,18,21,13.783,TX-60, OK, Auto, Normal, R, =
B, 2020, 08, 21,18,21,14.184,TX-60, OK, Auto, Normal, R, =
B, 2020, 08, 21,18,21,14.586,TX-60, OK, Auto, Normal, R, =
B, 2020, 08, 21,18,21,14.987,TX-60, OK, Auto, Normal, R, =
B, 2020, 08, 21,18,21,15.389,TX-60, OK, Auto, Normal, R, =
B, 2020, 08, 21,18,21,15.790,TX-60, OK, Auto, Normal, R, =
B, 2020, 08, 21,18,21,16.192,TX-60, OK, Auto, Normal, R, =
B, 2020, 08, 21,18,21,16.593,TX-60, OK, Auto, Normal, R, =
B, 2020, 08, 21,18,21,16.994,TX-60, OK, Auto, Normal, R, =
B, 2020, 08, 21,18,21,17.396,TX-60, OK, Auto, Normal, R, =
B, 2020, 08, 21,18,21,17.797,TX-60, OK, Auto, Normal, R, =
B, 2020, 08, 21,18,21,18.199,TX-60, OK, Auto, Normal, R, =
B, 2020, 08, 21,18,21,18.600,TX-60, OK, Auto, Normal, R, =
B, 2020, 08, 21,18,21,19.002,TX-60, OK, Auto, Normal, R, =
B, 2020, 08, 21,18,21,19.403,TX-60, OK, Auto, Normal, R, =
B, 2020, 08, 21,18,21,19.805,TX-60, OK, Auto, Normal, R, =
B, 2020, 08, 21,18,21,20.206,TX-60, OK, Auto, Normal, R, =
B, 2020, 08, 21,18,21,20.608,TX-60, OK, Auto, Normal, R, =
B, 2020, 08, 21,18,21,21.009,TX-60, OK, Auto, Normal, R, =
B, 2020, 08, 21,18,21,21.411,TX-60, OK, Auto, Normal, R, =
B, 2020, 08, 21,18,21,21.812,TX-60, OK, Auto, Normal, R, =
B, 2020, 08, 21,18,21,22.214,TX-60, OK, Auto, Normal, R, =
B, 2020, 08, 21,18,21,22.615,TX-60, OK, Auto, Normal, R, =
B, 2020, 08, 21,18,21,23.016,TX-60, OK, Auto, Normal, R, =
B, 2020, 08, 21,18,21,23.418,TX-60, OK, Auto, Normal, R, =
B, 2020, 08, 21,18,21,23.819,TX-60, OK, Auto, Normal, R, =
B, 2020, 08, 21,18,21,24.221,TX-60, OK, Auto, Normal, R, =
B, 2020, 08, 21,18,21,24.622,TX-60, OK, Auto, Normal, R, =
B, 2020, 08, 21,18,21,25.024,TX-60, OK, Auto, Normal, R, =
B, 2020, 08, 21,18,21,25.425,TX-60, OK, Auto, Normal, R, =
B, 2020, 08, 21,18,21,25.827,TX-60, OK, Auto, Normal, R, =
B, 2020, 08, 21,18,21,26.228,TX-60, OK, Auto, Normal, R, =
B, 2020, 08, 21,18,21,26.630,TX-60, OK, Auto, Normal, R, =
B, 2020, 08, 21,18,21,27.031,TX-60, OK, Auto, Normal, R, =
B, 2020, 08, 21,18,21,27.433,TX-60, OK, Auto, Normal, R, =
B, 2020, 08, 21,18,21,27.834,TX-60, OK, Auto, Normal, R, =
B, 2020, 08, 21,18,21,28.236,TX-60, OK, Auto, Normal, R, =
B, 2020, 08, 21,18,21,28.637,TX-60, OK, Auto, Normal, R, =
B, 2020, 08, 21,18,21,29.039,TX-60, OK, Auto, Normal, R, =
B, 2020, 08, 21,18,21,29.440,TX-60, OK, Auto, Normal, R, =
B, 2020, 08, 21,18,21,29.841,TX-60, OK, Auto, Normal, R, =
B, 2020, 08, 21,18,21,30.243,TX-60, OK, Auto, Normal, R, =
B, 2020, 08, 21,18,21,30.644,TX-60, OK, Auto, Normal, R, =
B, 2020, 08, 21,18,21,31.046,TX-60, OK, Auto, Normal, R, =
B, 2020, 08, 21,18,21,31.447,TX-60, OK, Auto, Normal, R, =
B, 2020, 08, 21,18,21,31.849,TX-60, OK, Auto, Normal, R, =
B, 2020, 08, 21,18,21,32.250,TX-60, OK, Auto, Normal, R, =
B, 2020, 08, 21,18,21,32.652,TX-60, OK, Auto, Normal, R, =
B, 2020, 08, 21,18,21,33.053,TX-60, OK, Auto, Normal, R, =
B, 2020, 08, 21,18,21,33.455,TX-60, OK, Auto, Normal, R, =
B, 2020, 08, 21,18,21,33.856,TX-60, OK, Auto, Normal, R, =
B, 2020, 08, 21,18,21,34.258,TX-60, OK, Auto, Normal, R, =
B, 2020, 08, 21,18,21,34.659,TX-60, OK, Auto, Normal, R, =
B, 2020, 08, 21,18,21,34.999,TX-60, OK, Auto, Normal, R, =
B, 2020, 08, 21,18,21,35.362,TX-60, OK, Auto, Normal, R, =
B, 2020, 08, 21,18,21,35.763,TX-60, OK, Auto, Normal, R, =
B, 2020, 08, 21,18,21,36.165,TX-60, OK, Auto, Normal, R, =
B, 2020, 08, 21,18,21,36.566,TX-60, OK, Auto, Normal, R, =
B, 2020, 08, 21,18,21,36.968,TX-60, OK, Auto, Normal, R, =
B, 2020, 08, 21,18,21,37.369,TX-60, OK, Auto, Normal, R, =
B, 2020, 08, 21,18,21,37.771,TX-60, OK, Auto, Normal, R, =
B, 2020, 08, 21,18,21,38.172,TX-60, OK, Auto, Normal, R, =
B, 2020, 08, 21,18,21,38.574,TX-60, OK, Auto, Normal, R, =
B, 2020, 08, 21,18,21,38.975,TX-60, OK, Auto, Normal, R, =
B, 2020, 08, 21,18,21,38.999,TX-60, OK, Auto, Normal, R, =
B, 2020, 08, 21,18,21,38.999,TX-60, OK, Auto, Normal, R, =
B, 2020, 08, 21,18,21,40.199,TX-60, OK, Auto, Normal, R, =
B, 2020, 08, 21,18,21,40.600,TX-60, OK, Auto, Normal, R, =
B, 2020, 08, 21,18,21,40.999,TX-60, OK, Auto, Normal, R, =
B, 2020, 08, 21,18,21,41.374,TX-60, OK, Auto, Normal, R, =
B, 2020, 08, 21,18,21,41.776,TX-60, OK, Auto, Normal, R, =
B, 2020, 08, 21,18,21,42.177,TX-60, OK, Auto, Normal, R, =
B, 2020, 08, 21,18,21,42.578,TX-60, OK, Auto, Normal, R, =
B, 2020, 08, 21,18,21,42.980,TX-60, OK, Auto, Normal, R, =
B, 2020, 08, 21,18,21,43.381,TX-60, OK, Auto, Normal, R, =
B, 2020, 08, 21,18,21,43.783,TX-60, OK, Auto, Normal, R, =
B, 2020, 08, 21,18,21,44.184,TX-60, OK, Auto, Normal, R, =
B, 2020, 08, 21,18,21,44.586,TX-60, OK, Auto, Normal, R, =
B, 2020, 08, 21,18,21,44.987,TX-60, OK, Auto, Normal, R, =
B, 2020, 08, 21,18,21,45.389,TX-60, OK, Auto, Normal, R, =
B, 2020, 08, 21,18,21,45.790,TX-60, OK, Auto, Normal, R, =
B, 2020, 08, 21,18,21,46.192,TX-60, OK, Auto, Normal, R, =
B, 2020, 08, 21,18,21,46.593,TX-60, OK, Auto, Normal, R, =
B, 2020, 08, 21,18,21,46.995,TX-60, OK, Auto, Normal, R, =
B, 2020, 08, 21,18,21,47.396,TX-60, OK, Auto, Normal, R, =
B, 2020, 08, 21,18,21,47.798,TX-60, OK, Auto, Normal, R, =
B, 2020, 08, 21,18,21,48.199,TX-60, OK, Auto, Normal, R, =
B, 2020, 08, 21,18,21,48.601,TX-60, OK, Auto, Normal, R, =
B, 2020, 08, 21,18,21,49.002,TX-60, OK, Auto, Normal, R, =
B, 2020, 08, 21,18,21,49.404,TX-60, OK, Auto, Normal, R, =
B, 2020, 08, 21,18,21,49.805,TX-60, OK, Auto, Normal, R, =
B, 2020, 08, 21,18,21,50.207,TX-60, OK, Auto, Normal, R, =
B, 2020, 08, 21,18,21,50.608,TX-60, OK, Auto, Normal, R, =
B, 2020, 08, 21,18,21,51.010,TX-60, OK, Auto, Normal, R, =
B, 2020, 08, 21,18,21,51.411,TX-60, OK, Auto, Normal, R, =
B, 2020, 08, 21,18,21,51.813,TX-60, OK, Auto, Normal, R, =
B, 2020, 08, 21,18,21,52.214,TX-60, OK, Auto, Normal, R, =
B, 2020, 08, 21,18,21,52.616,TX-60, OK, Auto, Normal, R, =
B, 2020, 08, 21,18,21,53.017,TX-60, OK, Auto, Normal, R, =
B, 2020, 08, 21,18,21,53.419,TX-60, OK, Auto, Normal, R, =
B, 2020, 08, 21,18,21,53.820,TX-60, OK, Auto, Normal, R, =
B, 2020, 08, 21,18,21,54.221,TX-60, OK, Auto, Normal, R, =
B, 2020, 08, 21,18,21,54.623,TX-60, OK, Auto, Normal, R, =
B, 2020, 08, 21,18,21,55.024,TX-60, OK, Auto, Normal, R, =
B, 2020, 08, 21,18,21,55.426,TX-60, OK, Auto, Normal, R, =
B, 2020, 08, 21,18,21,55.827,TX-60, OK, Auto, Normal, R, =
B, 2020, 08, 21,18,21,56.229,TX-60, OK, Auto, Normal, R, =
B, 2020, 08, 21,18,21,56.630,TX-60, OK, Auto, Normal, R, =
B, 2020, 08, 21,18,21,57.032,TX-60, OK, Auto, Normal, R, =
B, 2020, 08, 21,18,21,57.433,TX-60, OK, Auto, Normal, R, =
B, 2020, 08, 21,18,21,57.835,TX-60, OK, Auto, Normal, R, =
B, 2020, 08, 21,18,21,58.236,TX-60, OK, Auto, Normal, R, =
B, 2020, 08, 21,18,21,58.638,TX-60, OK, Auto, Normal, R, =
B, 2020, 08, 21,18,21,58.999,TX-60, OK, Auto, Normal, R, =
B, 2020, 08, 21,18,21,59.341,TX-60, OK, Auto, Normal, R, =
B, 2020, 08, 21,18,21,59.742,TX-60, OK, Auto, Normal, R, =
B, 2020, 08, 21,18,22,00.144,TX-60, OK, Auto, Normal, R, =
B, 2020, 08, 21,18,22,00.545,TX-60, OK, Auto, Normal, R, =
B, 2020, 08, 21,18,22,00.947,TX-60, OK, Auto, Normal, R, =
B, 2020, 08, 21,18,22,01.348,TX-60, OK, Auto, Normal, R, =
B, 2020, 08, 21,18,22,01.750,TX-60, OK, Auto, Normal, R, =
B, 2020, 08, 21,18,22,02.151,TX-60, OK, Auto, Normal, R, =
B, 2020, 08, 21,18,22,02.553,TX-60, OK, Auto, Normal, R, =
B, 2020, 08, 21,18,22,02.954,TX-60, OK, Auto, Normal, R, =
B, 2020, 08, 21,18,22,03.356,TX-60, OK, Auto, Normal, R, =
B, 2020, 08, 21,18,22,03.757,TX-60, OK, Auto, Normal, R, =
B, 2020, 08, 21,18,22,04.159,TX-60, OK, Auto, Normal, R, =
B, 2020, 08, 21,18,22,04.560,TX-60, OK, Auto, Normal, R, =
B, 2020, 08, 21,18,22,04.962,TX-60, OK, Auto, Normal, R, =
B, 2020, 08, 21,18,22,05.363,TX-60, OK, Auto, Normal, R, =
B, 2020, 08, 21,18,22,05.765,TX-60, OK, Auto, Normal, R, =
B, 2020, 08, 21,18,22,06.166,TX-60, OK, Auto, Normal, R, =
B, 2020, 08, 21,18,22,06.568,TX-60, OK, Auto, Normal, R, =
B, 2020, 08, 21,18,22,06.969,TX-60, OK, Auto, Normal, R, =
B, 2020, 08, 21,18,22,07.371,TX-60, OK, Auto, Normal, R, =
B, 2020, 08, 21,18,22,07.772,TX-60, OK, Auto, Normal, R, =
B, 2020, 08, 21,18,22,08.174,TX-60, OK, Auto, Normal, R, =
B, 2020, 08, 21,18,22,08.575,TX-60, OK, Auto, Normal, R, =
B, 2020, 08, 21,18,22,08.977,TX-60, OK, Auto, Normal, R, =
B, 2020, 08, 21,18,22,09.378,TX-60, OK, Auto, Normal, R, =
B, 2020, 08, 21,18,22,09.780,TX-60, OK, Auto, Normal, R, =
B, 2020, 08, 21,18,22,10.181,TX-60, OK, Auto, Normal, R, =
B, 2020, 08, 21,18,22,10.583,TX-60, OK, Auto, Normal, R, =
B, 2020, 08, 21,18,22,10.984,TX-60, OK, Auto, Normal, R, =
B, 2020, 08, 21,18,22,11.386,TX-60, OK, Auto, Normal, R, =
B, 2020, 08, 21,18,22,11.787,TX-60, OK, Auto, Normal, R, =
B, 2020, 08, 21,18,22,12.189,TX-60, OK, Auto, Normal, R, =
B, 2020, 08, 21,18,22,12.590,TX-60, OK, Auto, Normal, R, =
B, 2020, 08, 21,18,22,12.992,TX-60, OK, Auto, Normal, R, =
B, 2020, 08, 21,18,22,13.393,TX-60, OK, Auto, Normal, R, =
B, 2020, 08, 21,18,22,13.795,TX-60, OK, Auto, Normal, R, =
B, 2020, 08, 21,18,22,14.196,TX-60, OK, Auto, Normal, R, =
B, 2020, 08, 21,18,22,14.598,TX-60, OK, Auto, Normal, R, =
B, 2020, 08, 21,18,22,14.999,TX-60, OK, Auto, Normal, R, =
B, 2020, 08, 21,18,22,15.401,TX-60, OK, Auto, Normal, R, =
B, 2020, 08, 21,18,22,15.802,TX-60, OK, Auto, Normal, R, =
B, 2020, 08, 21,18,22,16.203,TX-60, OK, Auto, Normal, R, =
B, 2020, 08, 21,18,22,16.605,TX-60, OK, Auto, Normal, R, =
B, 2020, 08, 21,18,22,17.006,TX-60, OK, Auto, Normal, R, =
B, 2020, 08, 21,18,22,17.408,TX-60, OK, Auto, Normal, R, =
B, 2020, 08, 21,18,22,17.809,TX-60, OK, Auto, Normal, R, =
B, 2020, 08, 21,18,22,18.211,TX-60, OK, Auto, Normal, R, =
B, 2020, 08, 21,18,22,18.612,TX-60, OK, Auto, Normal, R, =
B, 2020, 08, 21,18,22,19.014,TX-60, OK, Auto, Normal, R, =
B, 2020, 08, 21,18,22,19.415,TX-60, OK, Auto, Normal, R, =
B, 2020, 08, 21,18,22,19.817,TX-60, OK, Auto, Normal, R, =
B, 2020, 08, 21,18,22,20.218,TX-60, OK, Auto, Normal, R, =
B, 2020, 08, 21,18,22,20.620,TX-60, OK, Auto, Normal, R, =
B, 2020, 08, 21,18,22,20.999,TX-60, OK, Auto, Normal, R, =
B, 2020, 08, 21,18,22,21.323,TX-60, OK, Auto, Normal, R, =
B, 2020, 08, 21,18,22,21.724,TX-60, OK, Auto, Normal, R, =
B, 2020, 08, 21,18,22,22.126,TX-60, OK, Auto, Normal, R, =
B, 2020, 08, 21,18,22,22.527,TX-60, OK, Auto, Normal, R, =
B, 2020, 08, 21,18,22,22.929,TX-60, OK, Auto, Normal, R, =
B, 2020, 08, 21,18,22,23.330,TX-60, OK, Auto, Normal, R, =
B, 2020, 08, 21,18,22,23.732,TX-60, OK, Auto, Normal, R, =
B, 2020, 08, 21,18,22,24.133,TX-60, OK, Auto, Normal, R, =
B, 2020, 08, 21,18,22,24.535,TX-60, OK, Auto, Normal, R, =
B, 2020, 08, 21,18,22,24.936,TX-60, OK, Auto, Normal, R, =
B, 2020, 08, 21,18,22,25.338,TX-60, OK, Auto, Normal, R, =
B, 2020, 08, 21,18,22,25.739,TX-60, OK, Auto, Normal, R, =
B, 2020, 08, 21,18,22,26.141,TX-60, OK, Auto, Normal, R, =
B, 2020, 08, 21,18,22,26.542,TX-60, OK, Auto, Normal, R, =
B, 2020, 08, 21,18,22,26.944,TX-60, OK, Auto, Normal, R, =
B, 2020, 08, 21,18,22,27.345,TX-60, OK, Auto, Normal, R, =
B, 2020, 08, 21,18,22,27.747,TX-60, OK, Auto, Normal, R, =
B, 2020, 08, 21,18,22,28.148,TX-60, OK, Auto, Normal, R, =
B, 2020, 08, 21,18,22,28.550,TX-60, OK, Auto, Normal, R, =
B, 2020, 08, 21,18,22,28.951,TX-60, OK, Auto, Normal, R, =
B, 2020, 08, 21,18,22,29.353,TX-60, OK, Auto, Normal, R, =
B, 2020, 08, 21,18,22,29.754,TX-60, OK, Auto, Normal, R, =
B, 2020, 08, 21,18,22,30.156,TX-60, OK, Auto, Normal, R, =
B, 2020, 08, 21,18,22,30.557,TX-60, OK, Auto, Normal, R, =
B, 2020, 08, 21,18,22,30.959,TX-60, OK, Auto, Normal, R, =
B, 2020, 08, 21,18,22,31.360,TX-60, OK, Auto, Normal, R, =
B, 2020, 08, 21,18,22,31.762,TX-60, OK, Auto, Normal, R, =
B, 2020, 08, 21,18,22,32.163,TX-60, OK, Auto, Normal, R, =
B, 2020, 08, 21,18,22,32.565,TX-60, OK, Auto, Normal, R, =
B, 2020, 08, 21,18,22,32.966,TX-60, OK, Auto, Normal, R, =
B, 2020, 08, 21,18,22,33.368,TX-60, OK, Auto, Normal, R, =
B, 2020, 08, 21,18,22,33.769,TX-60, OK, Auto, Normal, R, =
B, 2020, 08, 21,18,22,34.171,TX-60, OK, Auto, Normal, R, =
B, 2020, 08, 21,18,22,34.572,TX-60, OK, Auto, Normal, R, =
B, 2020, 08, 21,18,22,34.974,TX-60, OK, Auto, Normal, R, =
B, 2020, 08, 21,18,22,35.375,TX-60, OK, Auto, Normal, R, =
B, 2020, 08, 21,18,22,35.777,TX-60, OK, Auto, Normal, R, =
B, 2020, 08, 21,18,22,36.178,TX-60, OK, Auto, Normal, R, =
B, 2020, 08, 21,18,22,36.580,TX-60, OK, Auto, Normal, R, =
B, 2020, 08, 21,18,22,36.981,TX-60, OK, Auto, Normal, R, =
B, 2020, 08, 21,18,22,37.383,TX-60, OK, Auto, Normal, R, =
B, 2020, 08, 21,18,22,37.784,TX-60, OK, Auto, Normal, R, =
B, 2020, 08, 21,18,22,38.186,TX-60, OK, Auto, Normal, R, =
B, 2020, 08, 21,18,22,38.587,TX-60, OK, Auto, Normal, R, =
B, 2020, 08, 21,18,22,38.989,TX-60, OK, Auto, Normal, R, =
B, 2020, 08, 21,18,22,39.390,TX-60, OK, Auto, Normal, R, =
B, 2020, 08, 21,18,22,39.792,TX-60, OK, Auto, Normal, R, =
B, 2020, 08, 21,18,22,40.193,TX-60, OK, Auto, Normal, R, =
B, 2020, 08, 21,18,22,40.595,TX-60, OK, Auto, Normal, R, =
B, 2020, 08, 21,18,22,40.996,TX-60, OK, Auto, Normal, R, =
B, 2020, 08, 21,18,22,41.398,TX-60, OK, Auto, Normal, R, =
B, 2020, 08, 21,18,22,41.799,TX-60, OK, Auto, Normal, R, =
B, 2020, 08, 21,18,22,42.131,TX-60, OK, Auto, Normal, R, =
B, 2020, 08, 21,18,22,42.532,TX-60, OK, Auto, Normal, R, =
B, 2020, 08, 21,18,22,42.934,TX-60, OK, Auto, Normal, R, =
B, 2020, 08, 21,18,22,43.316,TX-60, OK, Auto, Normal, R, =
B, 2020, 08, 21,18,22,43.717,TX-60, OK, Auto, Normal, R, =
B, 2020, 08, 21,18,22,44.119,TX-60, OK, Auto, Normal, R, =
B, 2020, 08, 21,18,22,44.520,TX-60, OK, Auto, Normal, R, =
B, 2020, 08, 21,18,22,44.922,TX-60, OK, Auto, Normal, R, =
B, 2020, 08, 21,18,22,45.323,TX-60, OK, Auto, Normal, R, =
B, 2020, 08, 21,18,22,45.725,TX-60, OK, Auto, Normal, R, =
B, 2020, 08, 21,18,22,46.126,TX-60, OK, Auto, Normal, R, =
B, 2020, 08, 21,18,22,46.528,TX-60, OK, Auto, Normal, R, =
B, 2020, 08, 21,18,22,46.929,TX-60, OK, Auto, Normal, R, =
B, 2020, 08, 21,18,22,47.331,TX-60, OK, Auto, Normal, R, =
B, 2020, 08, 21,18,22,47.732,TX-60, OK, Auto, Normal, R, =
B, 2020, 08, 21,18,22,48.134,TX-60, OK, Auto, Normal, R, =
B, 2020, 08, 21,18,22,48.535,TX-60, OK, Auto, Normal, R, =
B, 2020, 08, 21,18,22,48.937,TX-60, OK, Auto, Normal, R, =
B, 2020, 08, 21,18,22,49.338,TX-60, OK, Auto, Normal, R, =
B, 2020, 08, 21,18,22,49.740,TX-60, OK, Auto, Normal, R, =
B, 2020, 08, 21,18,22,50.141,TX-60, OK, Auto, Normal, R, =
B, 2020, 08, 21,18,22,50.543,TX-60, OK, Auto, Normal, R, =
B, 2020, 08, 21,18,22,50.944,TX-60, OK, Auto, Normal, R, =
B, 2020, 08, 21,18,22,51.346,TX-60, OK, Auto, Normal, R, =
B, 2020, 08, 21,18,22,51.747,TX-60, OK, Auto, Normal, R, =
B, 2020, 08, 21,18,22,52.149,TX-60, OK, Auto, Normal, R, =
B, 2020, 08, 21,18,22,52.550,TX-60, OK, Auto, Normal, R, =
B, 2020, 08, 21,18,22,52.952,TX-60, OK, Auto, Normal, R, =
B, 2020, 08, 21,18,22,53.353,TX-60, OK, Auto, Normal, R, =
B, 2020, 08, 21,18,22,53.755,TX-60, OK, Auto, Normal, R, =
B, 2020, 08, 21,18,22,54.156,TX-60, OK, Auto, Normal, R, =
B, 2020, 08, 21,18,22,54.558,TX-60, OK, Auto, Normal, R, =
B, 2020, 08, 21,18,22,54.959,TX-60, OK, Auto, Normal, R, =
B, 2020, 08, 21,18,22,55.361,TX-60, OK, Auto, Normal, R, =
B, 2020, 08, 21,18,22,55.762,TX-60, OK, Auto, Normal, R, =
B, 2020, 08, 21,18,22,56.164,TX-60, OK, Auto, Normal, R, =
B, 2020, 08, 21,18,22,56.565,TX-60, OK, Auto, Normal, R, =
B, 2020, 08, 21,18,22,56.967,TX-60, OK, Auto, Normal, R, =
B, 2020, 08, 21,18,22,57.368,TX-60, OK, Auto, Normal, R, =
B, 2020, 08, 21,18,22,57.770,TX-60, OK, Auto, Normal, R, =
B, 2020, 08, 21,18,22,58.171,TX-60, OK, Auto, Normal, R, =
B, 2020, 08, 21,18,22,58.573,TX-60, OK, Auto, Normal, R, =
B, 2020, 08, 21,18,22,58.974,TX-60, OK, Auto, Normal, R, =
B, 2020, 08, 21,18,22,59.376,TX-60, OK, Auto, Normal, R, =
B, 2020, 08, 21,18,22,59.778,TX-60, OK, Auto, Normal, R, =
B, 2020, 08, 21,18,23,00.179,TX-60, OK, Auto, Normal, R, =
B, 2020, 08, 21,18,23,00.581,TX-60, OK, Auto, Normal, R, =
B, 2020, 08, 21,18,23,00.982,TX-60, OK, Auto, Normal, R, =
B, 2020, 08, 21,18,23,01.384,TX-60, OK, Auto, Normal, R, =
B, 2020, 08, 21,18,23,01.785,TX-60, OK, Auto, Normal, R, =
B, 2020, 08, 21,18,23,02.087,TX-60, OK, Auto, Normal, R, =
B, 2020, 08, 21,18,23,02.488,TX-60, OK, Auto, Normal, R, =
B, 2020, 08, 21,18,23,02.890,TX-60, OK, Auto, Normal, R, =
B, 2020, 08, 21,18,23,03.291,TX-60, OK, Auto, Normal, R, =
B, 2020, 08, 21,18,23,03.693,TX-60, OK, Auto, Normal, R, =
B, 2020, 08, 21,18,23,04.094,TX-60, OK, Auto, Normal, R, =
B, 2020, 08, 21,18,23,04.496,TX-60, OK, Auto, Normal, R, =
B, 2020, 08, 21,18,23,04.897,TX-60, OK, Auto, Normal, R, =
B, 2020, 08, 21,18,23,05.299,TX-60, OK, Auto, Normal, R, =
B, 2020, 08, 21,18,23,05.700,TX-60, OK, Auto, Normal, R, =
B, 2020, 08, 21,18,23,06.102,TX-60, OK, Auto, Normal, R, =
B, 2020, 08, 21,18,23,06.503,TX-60, OK, Auto, Normal, R, =
B, 2020, 08, 21,18,23,06.905,TX-60, OK, Auto, Normal, R, =
B, 2020, 08, 21,18,23,07.306,TX-60, OK, Auto, Normal, R, =
B, 2020, 08, 21,18,23,07.708,TX-60, OK, Auto, Normal, R, =
B, 2020, 08, 21,18,23,08.109,TX-60, OK, Auto, Normal, R, =
B, 2020, 08, 21,18,23,08.511,TX-60, OK, Auto, Normal, R, =
B, 2020, 08, 21,18,23,08.912,TX-60, OK, Auto, Normal, R, =
B, 2020, 08, 21,18,23,09.314,TX-60, OK, Auto, Normal, R, =
B, 2020, 08, 21,18,23,09.716,TX-60, OK, Auto, Normal, R, =
B, 2020, 08, 21,18,23,10.117,TX-60, OK, Auto, Normal, R, =
B, 2020, 08, 21,18,23,10.519,TX-60, OK, Auto, Normal, R, =
B, 2020, 08, 21,18,23,10.920,TX-60, OK, Auto, Normal, R, =
B, 2020, 08, 21,18,23,11.322,TX-60, OK, Auto, Normal, R, =
B, 2020, 08, 21,18,23,11.723,TX-60, OK, Auto, Normal, R, =
B, 2020, 08, 21,18,23,12.125,TX-60, OK, Auto, Normal, R, =
B, 2020, 08, 21,18,23,12.526,TX-60, OK, Auto, Normal, R, =
B, 2020, 08, 21,18,23,12.928,TX-60, OK, Auto, Normal, R, =
B, 2020, 08, 21,18,23,13.329,TX-60, OK, Auto, Normal, R, =
B, 2020, 08, 21,18,23,13.731,TX-60, OK, Auto, Normal, R, =
B, 2020, 08, 21,18,23,14.132,TX-60, OK, Auto, Normal, R, =
B, 2020, 08, 21,18,23,14.534,TX-60, OK, Auto, Normal, R, =
B, 2020, 08, 21,18,23,14.935,TX-60, OK, Auto, Normal, R, =
B, 2020, 08, 21,18,23,15.337,TX-60, OK, Auto, Normal, R, =
B, 2020, 08, 21,18,23,15.738,TX-60, OK, Auto, Normal, R, =
B, 2020, 08, 21,18,23,16.140,TX-60, OK, Auto, Normal, R, =
B, 2020, 08, 21,18,23,16.541,TX-60, OK, Auto, Normal, R, =
B, 2020, 08, 21,18,23,16.943,TX-60, OK, Auto, Normal, R, =
B, 2020, 08, 21,18,23,17.344,TX-60, OK, Auto, Normal, R, =
B, 2020, 08, 21,18,23,17.746,TX-60, OK, Auto, Normal, R, =
B, 2020, 08, 21,18,23,18.147,TX-60, OK, Auto, Normal, R, =
B, 2020, 08, 21,18,23,18.549,TX-60, OK, Auto, Normal, R, =
B, 2020, 08, 21,18,23,18.951,TX-60, OK, Auto, Normal, R, =
B, 2020, 08, 21,18,23,19.352,TX-60, OK, Auto, Normal, R, =
B, 2020, 08, 21,18,23,19.754,TX-60, OK, Auto, Normal, R, =
B, 2020, 08, 21,18,23,20.155,TX-60, OK, Auto, Normal, R, =
B, 2020, 08, 21,18,23,20.557,TX-60, OK, Auto, Normal, R, =
B, 2020, 08, 21,18,23,20.958,TX-60, OK, Auto, Normal, R, =
B, 2020, 08, 21,18,23,21.360,TX-60, OK, Auto, Normal, R, =
B, 2020, 08, 21,18,23,21.761,TX-60, OK, Auto, Normal, R, =
B, 2020, 08, 21,18,23,22.163,TX-60, OK, Auto, Normal, R, =
B, 2020, 08, 21,18,23,22.564,TX-60, OK, Auto, Normal, R, =
B, 2020, 08, 21,18,23,22.966,TX-60, OK, Auto, Normal, R, =
B, 2020, 08, 21,18,23,23.267,TX-60, OK, Auto, Normal, R, =
B, 2020, 08, 21,18,23,23.669,TX-60, OK, Auto, Normal, R, =
B, 2020, 08, 21,18,23,24.070,TX-60, OK, Auto, Normal, R, =
B, 2020, 08, 21,18,23,24.472,TX-60, OK, Auto, Normal, R, =
B, 2020, 08, 21,18,23,24.873,TX-60, OK, Auto, Normal, R, =
B, 2020, 08, 21,18,23,25.275,TX-60, OK, Auto, Normal, R, =
B, 2020, 08, 21,18,23,25.676,TX-60, OK, Auto, Normal, R, =
B, 2020, 08, 21,18,23,26.078,TX-60, OK, Auto, Normal, R, =
B, 2020, 08, 21,18,23,26.479,TX-60, OK, Auto, Normal, R, =
B, 2020, 08, 21,18,23,26.881,TX-60, OK, Auto, Normal, R, =
B, 2020, 08, 21,18,23,27.283,TX-60, OK, Auto, Normal, R, =
B, 2020, 08, 21,18,23,27.684,TX-60, OK, Auto, Normal, R, =
B, 2020, 08, 21,18,23,28.086,TX-60, OK, Auto, Normal, R, =
B, 2020, 08, 21,18,23,28.487,TX-60, OK, Auto, Normal, R, =
B, 2020, 08, 21,18,23,28.889,TX-60, OK, Auto, Normal, R, =
B, 2020, 08, 21,18,23,29.290,TX-60, OK, Auto, Normal, R, =
B, 2020, 08, 21,18,23,29.692,TX-60, OK, Auto, Normal, R, =
B, 2020, 08, 21,18,23,30.093,TX-60, OK, Auto, Normal, R, =
B, 2020, 08, 21,18,23,30.495,TX-60, OK, Auto, Normal, R, =
B, 2020, 08, 21,18,23,30.896,TX-60, OK, Auto, Normal, R, =
B, 2020, 08, 21,18,23,31.298,TX-60, OK, Auto, Normal, R, =
B, 2020, 08, 21,18,23,31.699,TX-60, OK, Auto, Normal, R, =
B, 2020, 08, 21,18,23,32.101,TX-60, OK, Auto, Normal, R, =
B, 2020, 08, 21,18,23,32.502,TX-60, OK, Auto, Normal, R, =
B, 2020, 08, 21,18,23,32.904,TX-60, OK, Auto, Normal, R, =
B, 2020, 08, 21,18,23,33.305,TX-60, OK, Auto, Normal, R, =
B, 2020, 08, 21,18,23,33.707,TX-60, OK, Auto, Normal, R, =
B, 2020, 08, 21,18,23,34.108,TX-60, OK, Auto, Normal, R, =
B, 2020, 08, 21,18,23,34.510,TX-60, OK, Auto, Normal, R, =
B, 2020, 08, 21,18,23,34.911,TX-60, OK, Auto, Normal, R, =
B, 2020, 08, 21,18,23,35.313,TX-60, OK, Auto, Normal, R, =
B, 2020, 08, 21,18,23,35.714,TX-60, OK, Auto, Normal, R, =
B, 2020, 08, 21,18,23,36.116,TX-60, OK, Auto, Normal, R, =
B, 2020, 08, 21,18,23,36.518,TX-60, OK, Auto, Normal, R, =
B, 2020, 08, 21,18,23,36.919,TX-60, OK, Auto, Normal, R, =
B, 2020, 08, 21,18,23,37.321,TX-60, OK, Auto, Normal, R, =
B, 2020, 08, 21,18,23,37.722,TX-60, OK, Auto, Normal, R, =
B, 2020, 08, 21,18,23,38.124,TX-60, OK, Auto, Normal, R, =
B, 2020, 08, 21,18,23,38.525,TX-60, OK, Auto, Normal, R, =
B, 2020, 08, 21,18,23,38.927,TX-60, OK, Auto, Normal, R, =
B, 2020, 08, 21,18,23,39.328,TX-60, OK, Auto, Normal, R, =
B, 2020, 08, 21,18,23,39.730,TX-60, OK, Auto, Normal, R, =
B, 2020, 08, 21,18,23,40.131,TX-60, OK, Auto, Normal, R, =
B, 2020, 08, 21,18,23,40.533,TX-60, OK, Auto, Normal, R, =
B, 2020, 08, 21,18,23,40.934,TX-60, OK, Auto, Normal, R, =
B, 2020, 08, 21,18,23,41.336,TX-60, OK, Auto, Normal, R, =
B, 2020, 08, 21,18,23,41.737,TX-60, OK, Auto, Normal, R, =
B, 2020, 08, 21,18,23,42.139,TX-60, OK, Auto, Normal, R, =
B, 2020, 08, 21,18,23,42.540,TX-60, OK, Auto, Normal, R, =
B, 2020, 08, 21,18,23,42.942,TX-60, OK, Auto, Normal, R, =
B, 2020, 08, 21,18,23,43.343,TX-60, OK, Auto, Normal, R, =
B, 2020, 08, 21,18,23,43.745,TX-60, OK, Auto, Normal, R, =
B, 2020, 08, 21,18,23,43.999,TX-60, OK, Auto, Normal, R, =
B, 2020, 08, 21,18,23,44.372,TX-60, OK, Auto, Normal, R, =
B, 2020, 08, 21,18,23,44.774,TX-60, OK, Auto, Normal, R, =
B, 2020, 08, 21,18,23,45.251,TX-60, OK, Auto, Normal, R, =
B, 2020, 08, 21,18,23,45.653,TX-60, OK, Auto, Normal, R, =
B, 2020, 08, 21,18,23,46.054,TX-60, OK, Auto, Normal, R, =
B, 2020, 08, 21,18,23,46.456,TX-60, OK, Auto, Normal, R, =
B, 2020, 08, 21,18,23,46.857,TX-60, OK, Auto, Normal, R, =
B, 2020, 08, 21,18,23,47.259,TX-60, OK, Auto, Normal, R, =
B, 2020, 08, 21,18,23,47.660,TX-60, OK, Auto, Normal, R, =
B, 2020, 08, 21,18,23,48.062,TX-60, OK, Auto, Normal, R, =
B, 2020, 08, 21,18,23,48.463,TX-60, OK, Auto, Normal, R, =
B, 2020, 08, 21,18,23,48.865,TX-60, OK, Auto, Normal, R, =
B, 2020, 08, 21,18,23,49.266,TX-60, OK, Auto, Normal, R, =
B, 2020, 08, 21,18,23,49.668,TX-60, OK, Auto, Normal, R, =
B, 2020, 08, 21,18,23,50.069,TX-60, OK, Auto, Normal, R, =
B, 2020, 08, 21,18,23,50.471,TX-60, OK, Auto, Normal, R, =
B, 2020, 08, 21,18,23,50.873,TX-60, OK, Auto, Normal, R, =
B, 2020, 08, 21,18,23,51.274,TX-60, OK, Auto, Normal, R, =
B, 2020, 08, 21,18,23,51.676,TX-60, OK, Auto, Normal, R, =
B, 2020, 08, 21,18,23,52.077,TX-60, OK, Auto, Normal, R, =
B, 2020, 08, 21,18,23,52.479,TX-60, OK, Auto, Normal, R, =
B, 2020, 08, 21,18,23,52.880,TX-60, OK, Auto, Normal, R, =
B, 2020, 08, 21,18,23,53.282,TX-60, OK, Auto, Normal, R, =
B, 2020, 08, 21,18,23,53.683,TX-60, OK, Auto, Normal, R, =
B, 2020, 08, 21,18,23,54.085,TX-60, OK, Auto, Normal, R, =
B, 2020, 08, 21,18,23,54.486,TX-60, OK, Auto, Normal, R, =
B, 2020, 08, 21,18,23,54.888,TX-60, OK, Auto, Normal, R, =
B, 2020, 08, 21,18,23,55.289,TX-60, OK, Auto, Normal, R, =
B, 2020, 08, 21,18,23,55.691,TX-60, OK, Auto, Normal, R, =
B, 2020, 08, 21,18,23,56.092,TX-60, OK, Auto, Normal, R, =
B, 2020, 08, 21,18,23,56.494,TX-60, OK, Auto, Normal, R, =
B, 2020, 08, 21,18,23,56.895,TX-60, OK, Auto, Normal, R, =
B, 2020, 08, 21,18,23,57.297,TX-60, OK, Auto, Normal, R, =
B, 2020, 08, 21,18,23,57.699,TX-60, OK, Auto, Normal, R, =
B, 2020, 08, 21,18,23,58.100,TX-60, OK, Auto, Normal, R, =
B, 2020, 08, 21,18,23,58.502,TX-60, OK, Auto, Normal, R, =
B, 2020, 08, 21,18,23,58.903,TX-60, OK, Auto, Normal, R, =
B, 2020, 08, 21,18,23,59.305,TX-60, OK, Auto, Normal, R, =
B, 2020, 08, 21,18,23,59.706,TX-60, OK, Auto, Normal, R, =
B, 2020, 08, 21,18,24,00.108,TX-60, OK, Auto, Normal, R, =
B, 2020, 08, 21,18,24,00.509,TX-60, OK, Auto, Normal, R, =
B, 2020, 08, 21,18,24,00.911,TX-60, OK, Auto, Normal, R, =
B, 2020, 08, 21,18,24,01.312,TX-60, OK, Auto, Normal, R, =
B, 2020, 08, 21,18,24,01.714,TX-60, OK, Auto, Normal, R, =
B, 2020, 08, 21,18,24,02.115,TX-60, OK, Auto, Normal, R, =
B, 2020, 08, 21,18,24,02.517,TX-60, OK, Auto, Normal, R, =
B, 2020, 08, 21,18,24,02.918,TX-60, OK, Auto, Normal, R, =
B, 2020, 08, 21,18,24,03.320,TX-60, OK, Auto, Normal, R, =
B, 2020, 08, 21,18,24,03.721,TX-60, OK, Auto, Normal, R, =
B, 2020, 08, 21,18,24,04.123,TX-60, OK, Auto, Normal, R, =
B, 2020, 08, 21,18,24,04.525,TX-60, OK, Auto, Normal, R, =
B, 2020, 08, 21,18,24,04.926,TX-60, OK, Auto, Normal, R, =
B, 2020, 08, 21,18,24,05.328,TX-60, OK, Auto, Normal, R, =
B, 2020, 08, 21,18,24,05.729,TX-60, OK, Auto, Normal, R, =
B, 2020, 08, 21,18,24,06.031,TX-60, OK, Auto, Normal, R, =
B, 2020, 08, 21,18,24,06.432,TX-60, OK, Auto, Normal, R, =
B, 2020, 08, 21,18,24,06.834,TX-60, OK, Auto, Normal, R, =
B, 2020, 08, 21,18,24,07.235,TX-60, OK, Auto, Normal, R, =
B, 2020, 08, 21,18,24,07.637,TX-60, OK, Auto, Normal, R, =
B, 2020, 08, 21,18,24,08.038,TX-60, OK, Auto, Normal, R, =
B, 2020, 08, 21,18,24,08.440,TX-60, OK, Auto, Normal, R, =
B, 2020, 08, 21,18,24,08.841,TX-60, OK, Auto, Normal, R, =
B, 2020, 08, 21,18,24,09.243,TX-60, OK, Auto, Normal, R, =
B, 2020, 08, 21,18,24,09.644,TX-60, OK, Auto, Normal, R, =
B, 2020, 08, 21,18,24,10.046,TX-60, OK, Auto, Normal, R, =
B, 2020, 08, 21,18,24,10.447,TX-60, OK, Auto, Normal, R, =
B, 2020, 08, 21,18,24,10.849,TX-60, OK, Auto, Normal, R, =
B, 2020, 08, 21,18,24,11.251,TX-60, OK, Auto, Normal, R, =
B, 2020, 08, 21,18,24,11.652,TX-60, OK, Auto, Normal, R, =
B, 2020, 08, 21,18,24,12.054,TX-60, OK, Auto, Normal, R, =
B, 2020, 08, 21,18,24,12.455,TX-60, OK, Auto, Normal, R, =
B, 2020, 08, 21,18,24,12.857,TX-60, OK, Auto, Normal, R, =
B, 2020, 08, 21,18,24,13.258,TX-60, OK, Auto, Normal, R, =
B, 2020, 08, 21,18,24,13.660,TX-60, OK, Auto, Normal, R, =
B, 2020, 08, 21,18,24,14.061,TX-60, OK, Auto, Normal, R, =
B, 2020, 08, 21,18,24,14.463,TX-60, OK, Auto, Normal, R, =
B, 2020, 08, 21,18,24,14.864,TX-60, OK, Auto, Normal, R, =
B, 2020, 08, 21,18,24,15.266,TX-60, OK, Auto, Normal, R, =
B, 2020, 08, 21,18,24,15.667,TX-60, OK, Auto, Normal, R, =
B, 2020, 08, 21,18,24,16.069,TX-60, OK, Auto, Normal, R, =
B, 2020, 08, 21,18,24,16.470,TX-60, OK, Auto, Normal, R, =
B, 2020, 08, 21,18,24,16.872,TX-60, OK, Auto, Normal, R, =
B, 2020, 08, 21,18,24,17.273,TX-60, OK, Auto, Normal, R, =
B, 2020, 08, 21,18,24,17.675,TX-60, OK, Auto, Normal, R, =
B, 2020, 08, 21,18,24,18.077,TX-60, OK, Auto, Normal, R, =
B, 2020, 08, 21,18,24,18.478,TX-60, OK, Auto, Normal, R, =
B, 2020, 08, 21,18,24,18.880,TX-60, OK, Auto, Normal, R, =
B, 2020, 08, 21,18,24,19.281,TX-60, OK, Auto, Normal, R, =
B, 2020, 08, 21,18,24,19.683,TX-60, OK, Auto, Normal, R, =
B, 2020, 08, 21,18,24,20.084,TX-60, OK, Auto, Normal, R, =
B, 2020, 08, 21,18,24,20.486,TX-60, OK, Auto, Normal, R, =
B, 2020, 08, 21,18,24,20.887,TX-60, OK, Auto, Normal, R, =
B, 2020, 08, 21,18,24,21.289,TX-60, OK, Auto, Normal, R, =
B, 2020, 08, 21,18,24,21.690,TX-60, OK, Auto, Normal, R, =
B, 2020, 08, 21,18,24,22.092,TX-60, OK, Auto, Normal, R, =
B, 2020, 08, 21,18,24,22.493,TX-60, OK, Auto, Normal, R, =
B, 2020, 08, 21,18,24,22.895,TX-60, OK, Auto, Normal, R, =
B, 2020, 08, 21,18,24,23.296,TX-60, OK, Auto, Normal, R, =
B, 2020, 08, 21,18,24,23.698,TX-60, OK, Auto, Normal, R, =
B, 2020, 08, 21,18,24,24.100,TX-60, OK, Auto, Normal, R, =
B, 2020, 08, 21,18,24,24.501,TX-60, OK, Auto, Normal, R, =
B, 2020, 08, 21,18,24,24.903,TX-60, OK, Auto, Normal, R, =
B, 2020, 08, 21,18,24,25.304,TX-60, OK, Auto, Normal, R, =
B, 2020, 08, 21,18,24,25.706,TX-60, OK, Auto, Normal, R, =
B, 2020, 08, 21,18,24,26.107,TX-60, OK, Auto, Normal, R, =
B, 2020, 08, 21,18,24,26.509,TX-60, OK, Auto, Normal, R, =
B, 2020, 08, 21,18,24,26.910,TX-60, OK, Auto, Normal, R, =
B, 2020, 08, 21,18,24,27.212,TX-60, OK, Auto, Normal, R, =
B, 2020, 08, 21,18,24,27.613,TX-60, OK, Auto, Normal, R, =
B, 2020, 08, 21,18,24,28.015,TX-60, OK, Auto, Normal, R, =
B, 2020, 08, 21,18,24,28.416,TX-60, OK, Auto, Normal, R, =
B, 2020, 08, 21,18,24,28.818,TX-60, OK, Auto, Normal, R, =
B, 2020, 08, 21,18,24,29.220,TX-60, OK, Auto, Normal, R, =
B, 2020, 08, 21,18,24,29.621,TX-60, OK, Auto, Normal, R, =
B, 2020, 08, 21,18,24,30.023,TX-60, OK, Auto, Normal, R, =
B, 2020, 08, 21,18,24,30.424,TX-60, OK, Auto, Normal, R, =
B, 2020, 08, 21,18,24,30.826,TX-60, OK, Auto, Normal, R, =
B, 2020, 08, 21,18,24,31.227,TX-60, OK, Auto, Normal, R, =
B, 2020, 08, 21,18,24,31.629,TX-60, OK, Auto, Normal, R, =
B, 2020, 08, 21,18,24,32.030,TX-60, OK, Auto, Normal, R, =
B, 2020, 08, 21,18,24,32.432,TX-60, OK, Auto, Normal, R, =
B, 2020, 08, 21,18,24,32.833,TX-60, OK, Auto, Normal, R, =
B, 2020, 08, 21,18,24,33.235,TX-60, OK, Auto, Normal, R, =
B, 2020, 08, 21,18,24,33.636,TX-60, OK, Auto, Normal, R, =
B, 2020, 08, 21,18,24,34.038,TX-60, OK, Auto, Normal, R, =
B, 2020, 08, 21,18,24,34.439,TX-60, OK, Auto, Normal, R, =
B, 2020, 08, 21,18,24,34.841,TX-60, OK, Auto, Normal, R, =
B, 2020, 08, 21,18,24,35.243,TX-60, OK, Auto, Normal, R, =
B, 2020, 08, 21,18,24,35.644,TX-60, OK, Auto, Normal, R, =
B, 2020, 08, 21,18,24,36.046,TX-60, OK, Auto, Normal, R, =
B, 2020, 08, 21,18,24,36.447,TX-60, OK, Auto, Normal, R, =
B, 2020, 08, 21,18,24,36.849,TX-60, OK, Auto, Normal, R, =
B, 2020, 08, 21,18,24,37.250,TX-60, OK, Auto, Normal, R, =
B, 2020, 08, 21,18,24,37.652,TX-60, OK, Auto, Normal, R, =
B, 2020, 08, 21,18,24,38.053,TX-60, OK, Auto, Normal, R, =
B, 2020, 08, 21,18,24,38.455,TX-60, OK, Auto, Normal, R, =
B, 2020, 08, 21,18,24,38.856,TX-60, OK, Auto, Normal, R, =
B, 2020, 08, 21,18,24,39.258,TX-60, OK, Auto, Normal, R, =
B, 2020, 08, 21,18,24,39.659,TX-60, OK, Auto, Normal, R, =
B, 2020, 08, 21,18,24,40.061,TX-60, OK, Auto, Normal, R, =
B, 2020, 08, 21,18,24,40.462,TX-60, OK, Auto, Normal, R, =
B, 2020, 08, 21,18,24,40.864,TX-60, OK, Auto, Normal, R, =
B, 2020, 08, 21,18,24,41.266,TX-60, OK, Auto, Normal, R, =
B, 2020, 08, 21,18,24,41.667,TX-60, OK, Auto, Normal, R, =
B, 2020, 08, 21,18,24,42.069,TX-60, OK, Auto, Normal, R, =
B, 2020, 08, 21,18,24,42.470,TX-60, OK, Auto, Normal, R, =
B, 2020, 08, 21,18,24,42.872,TX-60, OK, Auto, Normal, R, =
B, 2020, 08, 21,18,24,43.273,TX-60, OK, Auto, Normal, R, =
B, 2020, 08, 21,18,24,43.675,TX-60, OK, Auto, Normal, R, =
B, 2020, 08, 21,18,24,44.076,TX-60, OK, Auto, Normal, R, =
B, 2020, 08, 21,18,24,44.478,TX-60, OK, Auto, Normal, R, =
B, 2020, 08, 21,18,24,44.879,TX-60, OK, Auto, Normal, R, =
B, 2020, 08, 21,18,24,45.281,TX-60, OK, Auto, Normal, R, =
B, 2020, 08, 21,18,24,45.682,TX-60, OK, Auto, Normal, R, =
B, 2020, 08, 21,18,24,45.999,TX-60, OK, Auto, Normal, R, =
B, 2020, 08, 21,18,24,46.204,TX-60, OK, Auto, Normal, R, =
B, 2020, 08, 21,18,24,46.605,TX-60, OK, Auto, Normal, R, =
B, 2020, 08, 21,18,24,47.175,TX-60, OK, Auto, Normal, R, =
B, 2020, 08, 21,18,24,47.576,TX-60, OK, Auto, Normal, R, =
B, 2020, 08, 21,18,24,48.082,TX-60, OK, Auto, Normal, R, =
B, 2020, 08, 21,18,24,48.483,TX-60, OK, Auto, Normal, R, =
B, 2020, 08, 21,18,24,48.885,TX-60, OK, Auto, Normal, R, =
B, 2020, 08, 21,18,24,49.286,TX-60, OK, Auto, Normal, R, =
B, 2020, 08, 21,18,24,49.688,TX-60, OK, Auto, Normal, R, =
B, 2020, 08, 21,18,24,49.999,TX-60, OK, Auto, Normal, R, =
B, 2020, 08, 21,18,24,50.391,TX-60, OK, Auto, Normal, R, =
B, 2020, 08, 21,18,24,50.793,TX-60, OK, Auto, Normal, R, =
B, 2020, 08, 21,18,24,51.194,TX-60, OK, Auto, Normal, R, =
B, 2020, 08, 21,18,24,51.596,TX-60, OK, Auto, Normal, R, =
B, 2020, 08, 21,18,24,51.997,TX-60, OK, Auto, Normal, R, =
B, 2020, 08, 21,18,24,52.399,TX-60, OK, Auto, Normal, R, =
B, 2020, 08, 21,18,24,52.800,TX-60, OK, Auto, Normal, R, =
B, 2020, 08, 21,18,24,53.202,TX-60, OK, Auto, Normal, R, =
B, 2020, 08, 21,18,24,53.603,TX-60, OK, Auto, Normal, R, =
B, 2020, 08, 21,18,24,54.005,TX-60, OK, Auto, Normal, R, =
B, 2020, 08, 21,18,24,54.406,TX-60, OK, Auto, Normal, R, =
B, 2020, 08, 21,18,24,54.808,TX-60, OK, Auto, Normal, R, =
B, 2020, 08, 21,18,24,55.210,TX-60, OK, Auto, Normal, R, =
B, 2020, 08, 21,18,24,55.611,TX-60, OK, Auto, Normal, R, =
B, 2020, 08, 21,18,24,56.013,TX-60, OK, Auto, Normal, R, =
B, 2020, 08, 21,18,24,56.414,TX-60, OK, Auto, Normal, R, =
B, 2020, 08, 21,18,24,56.816,TX-60, OK, Auto, Normal, R, =
B, 2020, 08, 21,18,24,57.217,TX-60, OK, Auto, Normal, R, =
B, 2020, 08, 21,18,24,57.619,TX-60, OK, Auto, Normal, R, =
B, 2020, 08, 21,18,24,58.020,TX-60, OK, Auto, Normal, R, =
B, 2020, 08, 21,18,24,58.422,TX-60, OK, Auto, Normal, R, =
B, 2020, 08, 21,18,24,58.824,TX-60, OK, Auto, Normal, R, =
B, 2020, 08, 21,18,24,59.225,TX-60, OK, Auto, Normal, R, =
B, 2020, 08, 21,18,24,59.627,TX-60, OK, Auto, Normal, R, =
B, 2020, 08, 21,18,25,00.028,TX-60, OK, Auto, Normal, R, =
B, 2020, 08, 21,18,25,00.430,TX-60, OK, Auto, Normal, R, =
B, 2020, 08, 21,18,25,00.831,TX-60, OK, Auto, Normal, R, =
B, 2020, 08, 21,18,25,01.233,TX-60, OK, Auto, Normal, R, =
B, 2020, 08, 21,18,25,01.634,TX-60, OK, Auto, Normal, R, =
B, 2020, 08, 21,18,25,02.036,TX-60, OK, Auto, Normal, R, =
B, 2020, 08, 21,18,25,02.437,TX-60, OK, Auto, Normal, R, =
B, 2020, 08, 21,18,25,02.839,TX-60, OK, Auto, Normal, R, =
B, 2020, 08, 21,18,25,03.241,TX-60, OK, Auto, Normal, R, =
B, 2020, 08, 21,18,25,03.642,TX-60, OK, Auto, Normal, R, =
B, 2020, 08, 21,18,25,04.044,TX-60, OK, Auto, Normal, R, =
B, 2020, 08, 21,18,25,04.445,TX-60, OK, Auto, Normal, R, =
B, 2020, 08, 21,18,25,04.847,TX-60, OK, Auto, Normal, R, =
B, 2020, 08, 21,18,25,05.248,TX-60, OK, Auto, Normal, R, =
B, 2020, 08, 21,18,25,05.650,TX-60, OK, Auto, Normal, R, =
B, 2020, 08, 21,18,25,06.051,TX-60, OK, Auto, Normal, R, =
B, 2020, 08, 21,18,25,06.453,TX-60, OK, Auto, Normal, R, =
B, 2020, 08, 21,18,25,06.854,TX-60, OK, Auto, Normal, R, =
B, 2020, 08, 21,18,25,07.256,TX-60, OK, Auto, Normal, R, =
B, 2020, 08, 21,18,25,07.658,TX-60, OK, Auto, Normal, R, =
B, 2020, 08, 21,18,25,08.059,TX-60, OK, Auto, Normal, R, =
B, 2020, 08, 21,18,25,08.461,TX-60, OK, Auto, Normal, R, =
B, 2020, 08, 21,18,25,08.862,TX-60, OK, Auto, Normal, R, =
B, 2020, 08, 21,18,25,09.264,TX-60, OK, Auto, Normal, R, =
B, 2020, 08, 21,18,25,09.665,TX-60, OK, Auto, Normal, R, =
B, 2020, 08, 21,18,25,10.067,TX-60, OK, Auto, Normal, R, =
B, 2020, 08, 21,18,25,10.468,TX-60, OK, Auto, Normal, R, =
B, 2020, 08, 21,18,25,10.870,TX-60, OK, Auto, Normal, R, =
B, 2020, 08, 21,18,25,11.171,TX-60, OK, Auto, Normal, R, =
B, 2020, 08, 21,18,25,11.573,TX-60, OK, Auto, Normal, R, =
B, 2020, 08, 21,18,25,11.975,TX-60, OK, Auto, Normal, R, =
B, 2020, 08, 21,18,25,12.376,TX-60, OK, Auto, Normal, R, =
B, 2020, 08, 21,18,25,12.778,TX-60, OK, Auto, Normal, R, =
B, 2020, 08, 21,18,25,13.179,TX-60, OK, Auto, Normal, R, =
B, 2020, 08, 21,18,25,13.581,TX-60, OK, Auto, Normal, R, =
B, 2020, 08, 21,18,25,13.982,TX-60, OK, Auto, Normal, R, =
B, 2020, 08, 21,18,25,14.384,TX-60, OK, Auto, Normal, R, =
B, 2020, 08, 21,18,25,14.785,TX-60, OK, Auto, Normal, R, =
B, 2020, 08, 21,18,25,15.187,TX-60, OK, Auto, Normal, R, =
B, 2020, 08, 21,18,25,15.588,TX-60, OK, Auto, Normal, R, =
B, 2020, 08, 21,18,25,15.990,TX-60, OK, Auto, Normal, R, =
B, 2020, 08, 21,18,25,16.392,TX-60, OK, Auto, Normal, R, =
B, 2020, 08, 21,18,25,16.793,TX-60, OK, Auto, Normal, R, =
B, 2020, 08, 21,18,25,17.195,TX-60, OK, Auto, Normal, R, =
B, 2020, 08, 21,18,25,17.596,TX-60, OK, Auto, Normal, R, =
B, 2020, 08, 21,18,25,17.998,TX-60, OK, Auto, Normal, R, =
B, 2020, 08, 21,18,25,18.399,TX-60, OK, Auto, Normal, R, =
B, 2020, 08, 21,18,25,18.801,TX-60, OK, Auto, Normal, R, =
B, 2020, 08, 21,18,25,19.202,TX-60, OK, Auto, Normal, R, =
B, 2020, 08, 21,18,25,19.604,TX-60, OK, Auto, Normal, R, =
B, 2020, 08, 21,18,25,20.006,TX-60, OK, Auto, Normal, R, =
B, 2020, 08, 21,18,25,20.407,TX-60, OK, Auto, Normal, R, =
B, 2020, 08, 21,18,25,20.809,TX-60, OK, Auto, Normal, R, =
B, 2020, 08, 21,18,25,21.210,TX-60, OK, Auto, Normal, R, =
B, 2020, 08, 21,18,25,21.612,TX-60, OK, Auto, Normal, R, =
B, 2020, 08, 21,18,25,22.013,TX-60, OK, Auto, Normal, R, =
B, 2020, 08, 21,18,25,22.415,TX-60, OK, Auto, Normal, R, =
B, 2020, 08, 21,18,25,22.816,TX-60, OK, Auto, Normal, R, =
B, 2020, 08, 21,18,25,23.218,TX-60, OK, Auto, Normal, R, =
B, 2020, 08, 21,18,25,23.619,TX-60, OK, Auto, Normal, R, =
B, 2020, 08, 21,18,25,24.021,TX-60, OK, Auto, Normal, R, =
B, 2020, 08, 21,18,25,24.423,TX-60, OK, Auto, Normal, R, =
B, 2020, 08, 21,18,25,24.824,TX-60, OK, Auto, Normal, R, =
B, 2020, 08, 21,18,25,25.226,TX-60, OK, Auto, Normal, R, =
B, 2020, 08, 21,18,25,25.627,TX-60, OK, Auto, Normal, R, =
B, 2020, 08, 21,18,25,26.029,TX-60, OK, Auto, Normal, R, =
B, 2020, 08, 21,18,25,26.430,TX-60, OK, Auto, Normal, R, =
B, 2020, 08, 21,18,25,26.832,TX-60, OK, Auto, Normal, R, =
B, 2020, 08, 21,18,25,27.233,TX-60, OK, Auto, Normal, R, =
B, 2020, 08, 21,18,25,27.635,TX-60, OK, Auto, Normal, R, =
B, 2020, 08, 21,18,25,28.037,TX-60, OK, Auto, Normal, R, =
B, 2020, 08, 21,18,25,28.438,TX-60, OK, Auto, Normal, R, =
B, 2020, 08, 21,18,25,28.840,TX-60, OK, Auto, Normal, R, =
B, 2020, 08, 21,18,25,29.241,TX-60, OK, Auto, Normal, R, =
B, 2020, 08, 21,18,25,29.643,TX-60, OK, Auto, Normal, R, =
B, 2020, 08, 21,18,25,30.044,TX-60, OK, Auto, Normal, R, =
B, 2020, 08, 21,18,25,30.446,TX-60, OK, Auto, Normal, R, =
B, 2020, 08, 21,18,25,30.847,TX-60, OK, Auto, Normal, R, =
B, 2020, 08, 21,18,25,31.249,TX-60, OK, Auto, Normal, R, =
B, 2020, 08, 21,18,25,31.650,TX-60, OK, Auto, Normal, R, =
B, 2020, 08, 21,18,25,31.999,TX-60, OK, Auto, Normal, R, =
B, 2020, 08, 21,18,25,32.354,TX-60, OK, Auto, Normal, R, =
B, 2020, 08, 21,18,25,32.755,TX-60, OK, Auto, Normal, R, =
B, 2020, 08, 21,18,25,33.157,TX-60, OK, Auto, Normal, R, =
B, 2020, 08, 21,18,25,33.558,TX-60, OK, Auto, Normal, R, =
B, 2020, 08, 21,18,25,33.960,TX-60, OK, Auto, Normal, R, =
B, 2020, 08, 21,18,25,34.361,TX-60, OK, Auto, Normal, R, =
B, 2020, 08, 21,18,25,34.763,TX-60, OK, Auto, Normal, R, =
B, 2020, 08, 21,18,25,35.164,TX-60, OK, Auto, Normal, R, =
B, 2020, 08, 21,18,25,35.566,TX-60, OK, Auto, Normal, R, =
B, 2020, 08, 21,18,25,35.967,TX-60, OK, Auto, Normal, R, =
B, 2020, 08, 21,18,25,36.369,TX-60, OK, Auto, Normal, R, =
B, 2020, 08, 21,18,25,36.771,TX-60, OK, Auto, Normal, R, =
B, 2020, 08, 21,18,25,37.172,TX-60, OK, Auto, Normal, R, =
B, 2020, 08, 21,18,25,37.574,TX-60, OK, Auto, Normal, R, =
B, 2020, 08, 21,18,25,37.975,TX-60, OK, Auto, Normal, R, =
B, 2020, 08, 21,18,25,38.377,TX-60, OK, Auto, Normal, R, =
B, 2020, 08, 21,18,25,38.778,TX-60, OK, Auto, Normal, R, =
B, 2020, 08, 21,18,25,39.180,TX-60, OK, Auto, Normal, R, =
B, 2020, 08, 21,18,25,39.581,TX-60, OK, Auto, Normal, R, =
B, 2020, 08, 21,18,25,39.983,TX-60, OK, Auto, Normal, R, =
B, 2020, 08, 21,18,25,40.384,TX-60, OK, Auto, Normal, R, =
B, 2020, 08, 21,18,25,40.786,TX-60, OK, Auto, Normal, R, =
B, 2020, 08, 21,18,25,41.188,TX-60, OK, Auto, Normal, R, =
B, 2020, 08, 21,18,25,41.589,TX-60, OK, Auto, Normal, R, =
B, 2020, 08, 21,18,25,41.991,TX-60, OK, Auto, Normal, R, =
B, 2020, 08, 21,18,25,42.392,TX-60, OK, Auto, Normal, R, =
B, 2020, 08, 21,18,25,42.794,TX-60, OK, Auto, Normal, R, =
B, 2020, 08, 21,18,25,43.195,TX-60, OK, Auto, Normal, R, =
B, 2020, 08, 21,18,25,43.597,TX-60, OK, Auto, Normal, R, =
B, 2020, 08, 21,18,25,43.998,TX-60, OK, Auto, Normal, R, =
B, 2020, 08, 21,18,25,44.400,TX-60, OK, Auto, Normal, R, =
B, 2020, 08, 21,18,25,44.802,TX-60, OK, Auto, Normal, R, =
B, 2020, 08, 21,18,25,45.203,TX-60, OK, Auto, Normal, R, =
B, 2020, 08, 21,18,25,45.605,TX-60, OK, Auto, Normal, R, =
B, 2020, 08, 21,18,25,46.006,TX-60, OK, Auto, Normal, R, =
B, 2020, 08, 21,18,25,46.408,TX-60, OK, Auto, Normal, R, =
B, 2020, 08, 21,18,25,46.809,TX-60, OK, Auto, Normal, R, =
B, 2020, 08, 21,18,25,47.211,TX-60, OK, Auto, Normal, R, =
B, 2020, 08, 21,18,25,47.612,TX-60, OK, Auto, Normal, R, =
B, 2020, 08, 21,18,25,47.999,TX-60, OK, Auto, Normal, R, =
B, 2020, 08, 21,18,25,48.046,TX-60, OK, Auto, Normal, R, =
B, 2020, 08, 21,18,25,48.447,TX-60, OK, Auto, Normal, R, =
B, 2020, 08, 21,18,25,48.849,TX-60, OK, Auto, Normal, R, =
B, 2020, 08, 21,18,25,49.320,TX-60, OK, Auto, Normal, R, =
B, 2020, 08, 21,18,25,50.022,TX-60, OK, Auto, Normal, R, =
B, 2020, 08, 21,18,25,50.423,TX-60, OK, Auto, Normal, R, =
B, 2020, 08, 21,18,25,50.825,TX-60, OK, Auto, Normal, R, =
B, 2020, 08, 21,18,25,51.226,TX-60, OK, Auto, Normal, R, =
B, 2020, 08, 21,18,25,51.628,TX-60, OK, Auto, Normal, R, =
B, 2020, 08, 21,18,25,52.029,TX-60, OK, Auto, Normal, R, =
B, 2020, 08, 21,18,25,52.431,TX-60, OK, Auto, Normal, R, =
B, 2020, 08, 21,18,25,52.833,TX-60, OK, Auto, Normal, R, =
B, 2020, 08, 21,18,25,53.134,TX-60, OK, Auto, Normal, R, =
B, 2020, 08, 21,18,25,53.536,TX-60, OK, Auto, Normal, R, =
B, 2020, 08, 21,18,25,53.937,TX-60, OK, Auto, Normal, R, =
B, 2020, 08, 21,18,25,54.339,TX-60, OK, Auto, Normal, R, =
B, 2020, 08, 21,18,25,54.740,TX-60, OK, Auto, Normal, R, =
B, 2020, 08, 21,18,25,55.142,TX-60, OK, Auto, Normal, R, =
B, 2020, 08, 21,18,25,55.543,TX-60, OK, Auto, Normal, R, =
B, 2020, 08, 21,18,25,55.945,TX-60, OK, Auto, Normal, R, =
B, 2020, 08, 21,18,25,56.346,TX-60, OK, Auto, Normal, R, =
B, 2020, 08, 21,18,25,56.748,TX-60, OK, Auto, Normal, R, =
B, 2020, 08, 21,18,25,57.150,TX-60, OK, Auto, Normal, R, =
B, 2020, 08, 21,18,25,57.551,TX-60, OK, Auto, Normal, R, =
B, 2020, 08, 21,18,25,57.953,TX-60, OK, Auto, Normal, R, =
B, 2020, 08, 21,18,25,58.354,TX-60, OK, Auto, Normal, R, =
B, 2020, 08, 21,18,25,58.756,TX-60, OK, Auto, Normal, R, =
B, 2020, 08, 21,18,25,59.157,TX-60, OK, Auto, Normal, R, =
B, 2020, 08, 21,18,25,59.559,TX-60, OK, Auto, Normal, R, =
B, 2020, 08, 21,18,25,59.960,TX-60, OK, Auto, Normal, R, =
B, 2020, 08, 21,18,26,00.362,TX-60, OK, Auto, Normal, R, =
B, 2020, 08, 21,18,26,00.764,TX-60, OK, Auto, Normal, R, =
B, 2020, 08, 21,18,26,01.165,TX-60, OK, Auto, Normal, R, =
B, 2020, 08, 21,18,26,01.567,TX-60, OK, Auto, Normal, R, =
B, 2020, 08, 21,18,26,01.968,TX-60, OK, Auto, Normal, R, =
B, 2020, 08, 21,18,26,02.370,TX-60, OK, Auto, Normal, R, =
B, 2020, 08, 21,18,26,02.771,TX-60, OK, Auto, Normal, R, =
B, 2020, 08, 21,18,26,03.173,TX-60, OK, Auto, Normal, R, =
B, 2020, 08, 21,18,26,03.574,TX-60, OK, Auto, Normal, R, =
B, 2020, 08, 21,18,26,03.976,TX-60, OK, Auto, Normal, R, =
B, 2020, 08, 21,18,26,04.378,TX-60, OK, Auto, Normal, R, =
B, 2020, 08, 21,18,26,04.779,TX-60, OK, Auto, Normal, R, =
B, 2020, 08, 21,18,26,05.181,TX-60, OK, Auto, Normal, R, =
B, 2020, 08, 21,18,26,05.582,TX-60, OK, Auto, Normal, R, =
B, 2020, 08, 21,18,26,05.984,TX-60, OK, Auto, Normal, R, =
B, 2020, 08, 21,18,26,06.385,TX-60, OK, Auto, Normal, R, =
B, 2020, 08, 21,18,26,06.787,TX-60, OK, Auto, Normal, R, =
B, 2020, 08, 21,18,26,07.189,TX-60, OK, Auto, Normal, R, =
B, 2020, 08, 21,18,26,07.590,TX-60, OK, Auto, Normal, R, =
B, 2020, 08, 21,18,26,07.992,TX-60, OK, Auto, Normal, R, =
B, 2020, 08, 21,18,26,08.393,TX-60, OK, Auto, Normal, R, =
B, 2020, 08, 21,18,26,08.795,TX-60, OK, Auto, Normal, R, =
B, 2020, 08, 21,18,26,09.196,TX-60, OK, Auto, Normal, R, =
B, 2020, 08, 21,18,26,09.598,TX-60, OK, Auto, Normal, R, =
B, 2020, 08, 21,18,26,09.999,TX-60, OK, Auto, Normal, R, =
B, 2020, 08, 21,18,26,10.401,TX-60, OK, Auto, Normal, R, =
B, 2020, 08, 21,18,26,10.803,TX-60, OK, Auto, Normal, R, =
B, 2020, 08, 21,18,26,11.204,TX-60, OK, Auto, Normal, R, =
B, 2020, 08, 21,18,26,11.606,TX-60, OK, Auto, Normal, R, =
B, 2020, 08, 21,18,26,12.007,TX-60, OK, Auto, Normal, R, =
B, 2020, 08, 21,18,26,12.409,TX-60, OK, Auto, Normal, R, =
B, 2020, 08, 21,18,26,12.810,TX-60, OK, Auto, Normal, R, =
B, 2020, 08, 21,18,26,13.212,TX-60, OK, Auto, Normal, R, =
B, 2020, 08, 21,18,26,13.613,TX-60, OK, Auto, Normal, R, =
B, 2020, 08, 21,18,26,13.999,TX-60, OK, Auto, Normal, R, =
B, 2020, 08, 21,18,26,14.317,TX-60, OK, Auto, Normal, R, =
B, 2020, 08, 21,18,26,14.718,TX-60, OK, Auto, Normal, R, =
B, 2020, 08, 21,18,26,15.120,TX-60, OK, Auto, Normal, R, =
B, 2020, 08, 21,18,26,15.521,TX-60, OK, Auto, Normal, R, =
B, 2020, 08, 21,18,26,15.923,TX-60, OK, Auto, Normal, R, =
B, 2020, 08, 21,18,26,16.324,TX-60, OK, Auto, Normal, R, =
B, 2020, 08, 21,18,26,16.726,TX-60, OK, Auto, Normal, R, =
B, 2020, 08, 21,18,26,17.127,TX-60, OK, Auto, Normal, R, =
B, 2020, 08, 21,18,26,17.529,TX-60, OK, Auto, Normal, R, =
B, 2020, 08, 21,18,26,17.931,TX-60, OK, Auto, Normal, R, =
B, 2020, 08, 21,18,26,18.332,TX-60, OK, Auto, Normal, R, =
B, 2020, 08, 21,18,26,18.734,TX-60, OK, Auto, Normal, R, =
B, 2020, 08, 21,18,26,19.135,TX-60, OK, Auto, Normal, R, =
B, 2020, 08, 21,18,26,19.537,TX-60, OK, Auto, Normal, R, =
B, 2020, 08, 21,18,26,19.938,TX-60, OK, Auto, Normal, R, =
B, 2020, 08, 21,18,26,20.340,TX-60, OK, Auto, Normal, R, =
B, 2020, 08, 21,18,26,20.741,TX-60, OK, Auto, Normal, R, =
B, 2020, 08, 21,18,26,21.143,TX-60, OK, Auto, Normal, R, =
B, 2020, 08, 21,18,26,21.545,TX-60, OK, Auto, Normal, R, =
B, 2020, 08, 21,18,26,21.946,TX-60, OK, Auto, Normal, R, =
B, 2020, 08, 21,18,26,22.348,TX-60, OK, Auto, Normal, R, =
B, 2020, 08, 21,18,26,22.749,TX-60, OK, Auto, Normal, R, =
B, 2020, 08, 21,18,26,23.151,TX-60, OK, Auto, Normal, R, =
B, 2020, 08, 21,18,26,23.552,TX-60, OK, Auto, Normal, R, =
B, 2020, 08, 21,18,26,23.954,TX-60, OK, Auto, Normal, R, =
B, 2020, 08, 21,18,26,24.355,TX-60, OK, Auto, Normal, R, =
B, 2020, 08, 21,18,26,24.757,TX-60, OK, Auto, Normal, R, =
B, 2020, 08, 21,18,26,25.159,TX-60, OK, Auto, Normal, R, =
B, 2020, 08, 21,18,26,25.560,TX-60, OK, Auto, Normal, R, =
B, 2020, 08, 21,18,26,25.962,TX-60, OK, Auto, Normal, R, =
B, 2020, 08, 21,18,26,26.363,TX-60, OK, Auto, Normal, R, =
B, 2020, 08, 21,18,26,26.765,TX-60, OK, Auto, Normal, R, =
B, 2020, 08, 21,18,26,27.166,TX-60, OK, Auto, Normal, R, =
B, 2020, 08, 21,18,26,27.568,TX-60, OK, Auto, Normal, R, =
B, 2020, 08, 21,18,26,27.969,TX-60, OK, Auto, Normal, R, =
B, 2020, 08, 21,18,26,28.371,TX-60, OK, Auto, Normal, R, =
B, 2020, 08, 21,18,26,28.773,TX-60, OK, Auto, Normal, R, =
B, 2020, 08, 21,18,26,29.174,TX-60, OK, Auto, Normal, R, =
B, 2020, 08, 21,18,26,29.576,TX-60, OK, Auto, Normal, R, =
B, 2020, 08, 21,18,26,29.977,TX-60, OK, Auto, Normal, R, =
B, 2020, 08, 21,18,26,30.379,TX-60, OK, Auto, Normal, R, =
B, 2020, 08, 21,18,26,30.780,TX-60, OK, Auto, Normal, R, =
B, 2020, 08, 21,18,26,31.182,TX-60, OK, Auto, Normal, R, =
B, 2020, 08, 21,18,26,31.583,TX-60, OK, Auto, Normal, R, =
B, 2020, 08, 21,18,26,31.985,TX-60, OK, Auto, Normal, R, =
B, 2020, 08, 21,18,26,32.387,TX-60, OK, Auto, Normal, R, =
B, 2020, 08, 21,18,26,32.788,TX-60, OK, Auto, Normal, R, =
B, 2020, 08, 21,18,26,33.190,TX-60, OK, Auto, Normal, R, =
B, 2020, 08, 21,18,26,33.591,TX-60, OK, Auto, Normal, R, =
B, 2020, 08, 21,18,26,33.993,TX-60, OK, Auto, Normal, R, =
B, 2020, 08, 21,18,26,34.394,TX-60, OK, Auto, Normal, R, =
B, 2020, 08, 21,18,26,34.796,TX-60, OK, Auto, Normal, R, =
B, 2020, 08, 21,18,26,35.097,TX-60, OK, Auto, Normal, R, =
B, 2020, 08, 21,18,26,35.499,TX-60, OK, Auto, Normal, R, =
B, 2020, 08, 21,18,26,35.901,TX-60, OK, Auto, Normal, R, =
B, 2020, 08, 21,18,26,36.302,TX-60, OK, Auto, Normal, R, =
B, 2020, 08, 21,18,26,36.704,TX-60, OK, Auto, Normal, R, =
B, 2020, 08, 21,18,26,37.105,TX-60, OK, Auto, Normal, R, =
B, 2020, 08, 21,18,26,37.507,TX-60, OK, Auto, Normal, R, =
B, 2020, 08, 21,18,26,37.908,TX-60, OK, Auto, Normal, R, =
B, 2020, 08, 21,18,26,38.310,TX-60, OK, Auto, Normal, R, =
B, 2020, 08, 21,18,26,38.712,TX-60, OK, Auto, Normal, R, =
B, 2020, 08, 21,18,26,39.113,TX-60, OK, Auto, Normal, R, =
B, 2020, 08, 21,18,26,39.515,TX-60, OK, Auto, Normal, R, =
B, 2020, 08, 21,18,26,39.916,TX-60, OK, Auto, Normal, R, =
B, 2020, 08, 21,18,26,40.318,TX-60, OK, Auto, Normal, R, =
B, 2020, 08, 21,18,26,40.719,TX-60, OK, Auto, Normal, R, =
B, 2020, 08, 21,18,26,41.121,TX-60, OK, Auto, Normal, R, =
B, 2020, 08, 21,18,26,41.522,TX-60, OK, Auto, Normal, R, =
B, 2020, 08, 21,18,26,41.924,TX-60, OK, Auto, Normal, R, =
B, 2020, 08, 21,18,26,42.326,TX-60, OK, Auto, Normal, R, =
B, 2020, 08, 21,18,26,42.727,TX-60, OK, Auto, Normal, R, =
B, 2020, 08, 21,18,26,43.129,TX-60, OK, Auto, Normal, R, =
B, 2020, 08, 21,18,26,43.530,TX-60, OK, Auto, Normal, R, =
B, 2020, 08, 21,18,26,43.932,TX-60, OK, Auto, Normal, R, =
B, 2020, 08, 21,18,26,44.333,TX-60, OK, Auto, Normal, R, =
B, 2020, 08, 21,18,26,44.735,TX-60, OK, Auto, Normal, R, =
B, 2020, 08, 21,18,26,45.136,TX-60, OK, Auto, Normal, R, =
B, 2020, 08, 21,18,26,45.538,TX-60, OK, Auto, Normal, R, =
B, 2020, 08, 21,18,26,45.940,TX-60, OK, Auto, Normal, R, =
B, 2020, 08, 21,18,26,46.341,TX-60, OK, Auto, Normal, R, =
B, 2020, 08, 21,18,26,46.743,TX-60, OK, Auto, Normal, R, =
B, 2020, 08, 21,18,26,47.144,TX-60, OK, Auto, Normal, R, =
B, 2020, 08, 21,18,26,47.546,TX-60, OK, Auto, Normal, R, =
B, 2020, 08, 21,18,26,47.947,TX-60, OK, Auto, Normal, R, =
B, 2020, 08, 21,18,26,48.349,TX-60, OK, Auto, Normal, R, =
B, 2020, 08, 21,18,26,48.750,TX-60, OK, Auto, Normal, R, =
B, 2020, 08, 21,18,26,49.152,TX-60, OK, Auto, Normal, R, =
B, 2020, 08, 21,18,26,49.554,TX-60, OK, Auto, Normal, R, =
B, 2020, 08, 21,18,26,49.955,TX-60, OK, Auto, Normal, R, =
B, 2020, 08, 21,18,26,49.999,TX-60, OK, Auto, Normal, R, =
B, 2020, 08, 21,18,26,50.277,TX-60, OK, Auto, Normal, R, =
B, 2020, 08, 21,18,26,50.679,TX-60, OK, Auto, Normal, R, =
B, 2020, 08, 21,18,26,51.161,TX-60, OK, Auto, Normal, R, =
B, 2020, 08, 21,18,26,51.563,TX-60, OK, Auto, Normal, R, =
B, 2020, 08, 21,18,26,52.365,TX-60, OK, Auto, Normal, R, =
B, 2020, 08, 21,18,26,52.766,TX-60, OK, Auto, Normal, R, =
B, 2020, 08, 21,18,26,53.168,TX-60, OK, Auto, Normal, R, =
B, 2020, 08, 21,18,26,53.569,TX-60, OK, Auto, Normal, R, =
B, 2020, 08, 21,18,26,53.971,TX-60, OK, Auto, Normal, R, =
B, 2020, 08, 21,18,26,54.372,TX-60, OK, Auto, Normal, R, =
B, 2020, 08, 21,18,26,54.774,TX-60, OK, Auto, Normal, R, =
B, 2020, 08, 21,18,26,55.175,TX-60, OK, Auto, Normal, R, =
B, 2020, 08, 21,18,26,55.577,TX-60, OK, Auto, Normal, R, =
B, 2020, 08, 21,18,26,55.979,TX-60, OK, Auto, Normal, R, =
B, 2020, 08, 21,18,26,56.280,TX-60, OK, Auto, Normal, R, =
B, 2020, 08, 21,18,26,56.682,TX-60, OK, Auto, Normal, R, =
B, 2020, 08, 21,18,26,57.083,TX-60, OK, Auto, Normal, R, =
B, 2020, 08, 21,18,26,57.485,TX-60, OK, Auto, Normal, R, =
B, 2020, 08, 21,18,26,57.886,TX-60, OK, Auto, Normal, R, =
B, 2020, 08, 21,18,26,58.288,TX-60, OK, Auto, Normal, R, =
B, 2020, 08, 21,18,26,58.690,TX-60, OK, Auto, Normal, R, =
B, 2020, 08, 21,18,26,59.091,TX-60, OK, Auto, Normal, R, =
B, 2020, 08, 21,18,26,59.493,TX-60, OK, Auto, Normal, R, =
B, 2020, 08, 21,18,26,59.894,TX-60, OK, Auto, Normal, R, =
B, 2020, 08, 21,18,27,00.296,TX-60, OK, Auto, Normal, R, =
B, 2020, 08, 21,18,27,00.697,TX-60, OK, Auto, Normal, R, =
B, 2020, 08, 21,18,27,01.099,TX-60, OK, Auto, Normal, R, =
B, 2020, 08, 21,18,27,01.500,TX-60, OK, Auto, Normal, R, =
B, 2020, 08, 21,18,27,01.902,TX-60, OK, Auto, Normal, R, =
B, 2020, 08, 21,18,27,02.304,TX-60, OK, Auto, Normal, R, =
B, 2020, 08, 21,18,27,02.705,TX-60, OK, Auto, Normal, R, =
B, 2020, 08, 21,18,27,03.107,TX-60, OK, Auto, Normal, R, =
B, 2020, 08, 21,18,27,03.508,TX-60, OK, Auto, Normal, R, =
B, 2020, 08, 21,18,27,03.910,TX-60, OK, Auto, Normal, R, =
B, 2020, 08, 21,18,27,04.311,TX-60, OK, Auto, Normal, R, =
B, 2020, 08, 21,18,27,04.713,TX-60, OK, Auto, Normal, R, =
B, 2020, 08, 21,18,27,05.114,TX-60, OK, Auto, Normal, R, =
B, 2020, 08, 21,18,27,05.516,TX-60, OK, Auto, Normal, R, =
B, 2020, 08, 21,18,27,05.918,TX-60, OK, Auto, Normal, R, =
B, 2020, 08, 21,18,27,06.319,TX-60, OK, Auto, Normal, R, =
B, 2020, 08, 21,18,27,06.721,TX-60, OK, Auto, Normal, R, =
B, 2020, 08, 21,18,27,07.122,TX-60, OK, Auto, Normal, R, =
B, 2020, 08, 21,18,27,07.524,TX-60, OK, Auto, Normal, R, =
B, 2020, 08, 21,18,27,07.925,TX-60, OK, Auto, Normal, R, =
B, 2020, 08, 21,18,27,08.327,TX-60, OK, Auto, Normal, R, =
B, 2020, 08, 21,18,27,08.729,TX-60, OK, Auto, Normal, R, =
B, 2020, 08, 21,18,27,09.130,TX-60, OK, Auto, Normal, R, =
B, 2020, 08, 21,18,27,09.532,TX-60, OK, Auto, Normal, R, =
B, 2020, 08, 21,18,27,09.933,TX-60, OK, Auto, Normal, R, =
B, 2020, 08, 21,18,27,10.335,TX-60, OK, Auto, Normal, R, =
B, 2020, 08, 21,18,27,10.736,TX-60, OK, Auto, Normal, R, =
B, 2020, 08, 21,18,27,11.138,TX-60, OK, Auto, Normal, R, =
B, 2020, 08, 21,18,27,11.539,TX-60, OK, Auto, Normal, R, =
B, 2020, 08, 21,18,27,11.941,TX-60, OK, Auto, Normal, R, =
B, 2020, 08, 21,18,27,12.343,TX-60, OK, Auto, Normal, R, =
B, 2020, 08, 21,18,27,12.744,TX-60, OK, Auto, Normal, R, =
B, 2020, 08, 21,18,27,13.146,TX-60, OK, Auto, Normal, R, =
B, 2020, 08, 21,18,27,13.547,TX-60, OK, Auto, Normal, R, =
B, 2020, 08, 21,18,27,13.949,TX-60, OK, Auto, Normal, R, =
B, 2020, 08, 21,18,27,14.350,TX-60, OK, Auto, Normal, R, =
B, 2020, 08, 21,18,27,14.752,TX-60, OK, Auto, Normal, R, =
B, 2020, 08, 21,18,27,15.154,TX-60, OK, Auto, Normal, R, =
B, 2020, 08, 21,18,27,15.555,TX-60, OK, Auto, Normal, R, =
B, 2020, 08, 21,18,27,15.957,TX-60, OK, Auto, Normal, R, =
B, 2020, 08, 21,18,27,16.358,TX-60, OK, Auto, Normal, R, =
B, 2020, 08, 21,18,27,16.760,TX-60, OK, Auto, Normal, R, =
B, 2020, 08, 21,18,27,17.061,TX-60, OK, Auto, Normal, R, =
B, 2020, 08, 21,18,27,17.463,TX-60, OK, Auto, Normal, R, =
B, 2020, 08, 21,18,27,17.864,TX-60, OK, Auto, Normal, R, =
B, 2020, 08, 21,18,27,18.266,TX-60, OK, Auto, Normal, R, =
B, 2020, 08, 21,18,27,18.668,TX-60, OK, Auto, Normal, R, =
B, 2020, 08, 21,18,27,19.069,TX-60, OK, Auto, Normal, R, =
B, 2020, 08, 21,18,27,19.471,TX-60, OK, Auto, Normal, R, =
B, 2020, 08, 21,18,27,19.872,TX-60, OK, Auto, Normal, R, =
B, 2020, 08, 21,18,27,20.274,TX-60, OK, Auto, Normal, R, =
B, 2020, 08, 21,18,27,20.675,TX-60, OK, Auto, Normal, R, =
B, 2020, 08, 21,18,27,21.077,TX-60, OK, Auto, Normal, R, =
B, 2020, 08, 21,18,27,21.479,TX-60, OK, Auto, Normal, R, =
B, 2020, 08, 21,18,27,21.880,TX-60, OK, Auto, Normal, R, =
B, 2020, 08, 21,18,27,22.282,TX-60, OK, Auto, Normal, R, =
B, 2020, 08, 21,18,27,22.683,TX-60, OK, Auto, Normal, R, =
B, 2020, 08, 21,18,27,23.085,TX-60, OK, Auto, Normal, R, =
B, 2020, 08, 21,18,27,23.486,TX-60, OK, Auto, Normal, R, =
B, 2020, 08, 21,18,27,23.888,TX-60, OK, Auto, Normal, R, =
B, 2020, 08, 21,18,27,24.289,TX-60, OK, Auto, Normal, R, =
B, 2020, 08, 21,18,27,24.691,TX-60, OK, Auto, Normal, R, =
B, 2020, 08, 21,18,27,25.093,TX-60, OK, Auto, Normal, R, =
B, 2020, 08, 21,18,27,25.494,TX-60, OK, Auto, Normal, R, =
B, 2020, 08, 21,18,27,25.896,TX-60, OK, Auto, Normal, R, =
B, 2020, 08, 21,18,27,26.297,TX-60, OK, Auto, Normal, R, =
B, 2020, 08, 21,18,27,26.699,TX-60, OK, Auto, Normal, R, =
B, 2020, 08, 21,18,27,27.100,TX-60, OK, Auto, Normal, R, =
B, 2020, 08, 21,18,27,27.502,TX-60, OK, Auto, Normal, R, =
B, 2020, 08, 21,18,27,27.904,TX-60, OK, Auto, Normal, R, =
B, 2020, 08, 21,18,27,28.305,TX-60, OK, Auto, Normal, R, =
B, 2020, 08, 21,18,27,28.707,TX-60, OK, Auto, Normal, R, =
B, 2020, 08, 21,18,27,29.108,TX-60, OK, Auto, Normal, R, =
B, 2020, 08, 21,18,27,29.510,TX-60, OK, Auto, Normal, R, =
B, 2020, 08, 21,18,27,29.911,TX-60, OK, Auto, Normal, R, =
B, 2020, 08, 21,18,27,30.313,TX-60, OK, Auto, Normal, R, =
B, 2020, 08, 21,18,27,30.714,TX-60, OK, Auto, Normal, R, =
B, 2020, 08, 21,18,27,31.116,TX-60, OK, Auto, Normal, R, =
B, 2020, 08, 21,18,27,31.518,TX-60, OK, Auto, Normal, R, =
B, 2020, 08, 21,18,27,31.919,TX-60, OK, Auto, Normal, R, =
B, 2020, 08, 21,18,27,32.321,TX-60, OK, Auto, Normal, R, =
B, 2020, 08, 21,18,27,32.722,TX-60, OK, Auto, Normal, R, =
B, 2020, 08, 21,18,27,33.124,TX-60, OK, Auto, Normal, R, =
B, 2020, 08, 21,18,27,33.525,TX-60, OK, Auto, Normal, R, =
B, 2020, 08, 21,18,27,33.927,TX-60, OK, Auto, Normal, R, =
B, 2020, 08, 21,18,27,34.328,TX-60, OK, Auto, Normal, R, =
B, 2020, 08, 21,18,27,34.730,TX-60, OK, Auto, Normal, R, =
B, 2020, 08, 21,18,27,35.132,TX-60, OK, Auto, Normal, R, =
B, 2020, 08, 21,18,27,35.533,TX-60, OK, Auto, Normal, R, =
B, 2020, 08, 21,18,27,35.935,TX-60, OK, Auto, Normal, R, =
B, 2020, 08, 21,18,27,36.336,TX-60, OK, Auto, Normal, R, =
B, 2020, 08, 21,18,27,36.738,TX-60, OK, Auto, Normal, R, =
B, 2020, 08, 21,18,27,37.139,TX-60, OK, Auto, Normal, R, =
B, 2020, 08, 21,18,27,37.541,TX-60, OK, Auto, Normal, R, =
B, 2020, 08, 21,18,27,37.942,TX-60, OK, Auto, Normal, R, =
B, 2020, 08, 21,18,27,38.244,TX-60, OK, Auto, Normal, R, =
B, 2020, 08, 21,18,27,38.646,TX-60, OK, Auto, Normal, R, =
B, 2020, 08, 21,18,27,39.047,TX-60, OK, Auto, Normal, R, =
B, 2020, 08, 21,18,27,39.449,TX-60, OK, Auto, Normal, R, =
B, 2020, 08, 21,18,27,39.850,TX-60, OK, Auto, Normal, R, =
B, 2020, 08, 21,18,27,40.252,TX-60, OK, Auto, Normal, R, =
B, 2020, 08, 21,18,27,40.653,TX-60, OK, Auto, Normal, R, =
B, 2020, 08, 21,18,27,41.055,TX-60, OK, Auto, Normal, R, =
B, 2020, 08, 21,18,27,41.456,TX-60, OK, Auto, Normal, R, =
B, 2020, 08, 21,18,27,41.858,TX-60, OK, Auto, Normal, R, =
B, 2020, 08, 21,18,27,42.260,TX-60, OK, Auto, Normal, R, =
B, 2020, 08, 21,18,27,42.661,TX-60, OK, Auto, Normal, R, =
B, 2020, 08, 21,18,27,43.063,TX-60, OK, Auto, Normal, R, =
B, 2020, 08, 21,18,27,43.464,TX-60, OK, Auto, Normal, R, =
B, 2020, 08, 21,18,27,43.866,TX-60, OK, Auto, Normal, R, =
B, 2020, 08, 21,18,27,44.267,TX-60, OK, Auto, Normal, R, =
B, 2020, 08, 21,18,27,44.669,TX-60, OK, Auto, Normal, R, =
B, 2020, 08, 21,18,27,45.071,TX-60, OK, Auto, Normal, R, =
B, 2020, 08, 21,18,27,45.472,TX-60, OK, Auto, Normal, R, =
B, 2020, 08, 21,18,27,45.874,TX-60, OK, Auto, Normal, R, =
B, 2020, 08, 21,18,27,46.275,TX-60, OK, Auto, Normal, R, =
B, 2020, 08, 21,18,27,46.677,TX-60, OK, Auto, Normal, R, =
B, 2020, 08, 21,18,27,47.078,TX-60, OK, Auto, Normal, R, =
B, 2020, 08, 21,18,27,47.480,TX-60, OK, Auto, Normal, R, =
B, 2020, 08, 21,18,27,47.881,TX-60, OK, Auto, Normal, R, =
B, 2020, 08, 21,18,27,48.283,TX-60, OK, Auto, Normal, R, =
B, 2020, 08, 21,18,27,48.685,TX-60, OK, Auto, Normal, R, =
B, 2020, 08, 21,18,27,49.086,TX-60, OK, Auto, Normal, R, =
B, 2020, 08, 21,18,27,49.488,TX-60, OK, Auto, Normal, R, =
B, 2020, 08, 21,18,27,49.889,TX-60, OK, Auto, Normal, R, =
B, 2020, 08, 21,18,27,50.291,TX-60, OK, Auto, Normal, R, =
B, 2020, 08, 21,18,27,50.692,TX-60, OK, Auto, Normal, R, =
B, 2020, 08, 21,18,27,51.094,TX-60, OK, Auto, Normal, R, =
B, 2020, 08, 21,18,27,51.495,TX-60, OK, Auto, Normal, R, =
B, 2020, 08, 21,18,27,51.897,TX-60, OK, Auto, Normal, R, =
B, 2020, 08, 21,18,27,51.999,TX-60, OK, Auto, Normal, R, =
B, 2020, 08, 21,18,27,52.118,TX-60, OK, Auto, Normal, R, =
B, 2020, 08, 21,18,27,53.119,TX-60, OK, Auto, Normal, R, =
B, 2020, 08, 21,18,27,53.520,TX-60, OK, Auto, Normal, R, =
B, 2020, 08, 21,18,27,53.922,TX-60, OK, Auto, Normal, R, =
B, 2020, 08, 21,18,27,54.296,TX-60, OK, Auto, Normal, R, =
B, 2020, 08, 21,18,27,54.698,TX-60, OK, Auto, Normal, R, =
B, 2020, 08, 21,18,27,55.099,TX-60, OK, Auto, Normal, R, =
B, 2020, 08, 21,18,27,55.501,TX-60, OK, Auto, Normal, R, =
B, 2020, 08, 21,18,27,55.903,TX-60, OK, Auto, Normal, R, =
B, 2020, 08, 21,18,27,56.304,TX-60, OK, Auto, Normal, R, =
B, 2020, 08, 21,18,27,56.706,TX-60, OK, Auto, Normal, R, =
B, 2020, 08, 21,18,27,57.107,TX-60, OK, Auto, Normal, R, =
B, 2020, 08, 21,18,27,57.509,TX-60, OK, Auto, Normal, R, =
B, 2020, 08, 21,18,27,57.910,TX-60, OK, Auto, Normal, R, =
B, 2020, 08, 21,18,27,58.312,TX-60, OK, Auto, Normal, R, =
B, 2020, 08, 21,18,27,58.714,TX-60, OK, Auto, Normal, R, =
B, 2020, 08, 21,18,27,59.115,TX-60, OK, Auto, Normal, R, =
B, 2020, 08, 21,18,27,59.517,TX-60, OK, Auto, Normal, R, =
B, 2020, 08, 21,18,27,59.918,TX-60, OK, Auto, Normal, R, =
B, 2020, 08, 21,18,28,00.320,TX-60, OK, Auto, Normal, R, =
B, 2020, 08, 21,18,28,00.721,TX-60, OK, Auto, Normal, R, =
B, 2020, 08, 21,18,28,01.023,TX-60, OK, Auto, Normal, R, =
B, 2020, 08, 21,18,28,01.424,TX-60, OK, Auto, Normal, R, =
B, 2020, 08, 21,18,28,01.826,TX-60, OK, Auto, Normal, R, =
B, 2020, 08, 21,18,28,02.228,TX-60, OK, Auto, Normal, R, =
B, 2020, 08, 21,18,28,02.629,TX-60, OK, Auto, Normal, R, =
B, 2020, 08, 21,18,28,03.031,TX-60, OK, Auto, Normal, R, =
